0;1
1;2
2;0
3;1
4;0
5;0
6;2
7;0
8;0
9;0
10;0
11;0
12;0
13;2
14;0
15;0
16;0
17;1
18;2
19;0
20;1
21;0
22;0
23;0
24;0
25;3
26;0
27;0
28;1
29;0
30;0
31;0
32;1
33;2
34;1
35;1
36;0
37;0
38;2
39;0
40;0
41;0
42;0
43;2
44;0
45;0
46;1
47;0
48;0
49;1
50;1
51;0
52;1
53;0
54;0
55;2
56;1
57;0
58;2
59;0
60;0
61;3
62;0
63;0
64;4
65;0
66;1
67;0
68;1
69;0
70;0
71;1
72;0
73;1
74;2
75;1
76;0
77;1
78;0
79;1
80;2
81;0
82;2
83;0
84;2
85;1
86;1
87;0
88;0
89;2
90;0
91;0
92;2
93;1
94;1
95;0
96;2
97;2
98;0
99;1
100;2
101;1
102;0
103;2
104;4
105;2
106;0
107;0
108;0
109;0
110;0
111;1
112;0
113;1
114;0
115;1
116;0
117;1
118;1
119;2
120;0
121;1
122;0
123;1
124;0
125;0
126;0
127;0
128;0
129;1
130;2
131;0
132;0
133;2
134;0
135;0
136;1
137;1
138;0
139;0
140;0
141;1
142;0
143;0
144;0
145;0
146;1
147;1
148;0
149;0
150;0
151;0
152;0
153;1
154;0
155;1
156;2
157;1
158;0
159;0
160;1
161;0
162;0
163;0
164;0
165;0
166;0
167;2
168;1
169;0
170;1
171;1
172;1
173;2
174;0
175;1
176;2
177;2
178;1
179;0
180;0
181;0
182;0
183;0
184;1
185;0
186;0
187;0
188;0
189;0
190;0
191;0
192;0
193;0
194;0
195;2
196;0
197;1
198;1
199;0
200;1
201;1
202;1
203;0
204;0
205;0
206;1
207;0
208;0
209;1
210;1
211;0
212;1
213;2
214;0
215;0
216;1
217;0
218;1
219;1
220;2
221;0
222;0
223;1
224;2
225;0
226;0
227;0
228;0
229;1
230;1
231;0
232;0
233;0
234;0
235;0
236;1
237;0
238;1
239;1
240;1
241;0
242;1
243;1
244;0
245;1
246;1
247;0
248;0
249;1
250;0
251;0
252;1
253;1
254;1
255;0
256;0
257;0
258;0
259;0
260;1
261;1
262;2
263;0
264;1
265;0
266;1
267;1
268;1
269;0
270;1
271;1
272;1
273;0
274;0
275;0
276;1
277;0
278;0
279;0
280;0
281;0
282;2
283;0
284;1
285;0
286;1
287;1
288;1
289;0
290;0
291;1
292;3
293;1
294;0
295;0
296;1
297;1
298;0
299;0
300;0
301;0
302;1
303;0
304;0
305;0
306;0
307;1
308;0
309;0
310;0
311;0
312;0
313;0
314;0
315;1
316;0
317;0
318;0
319;0
320;0
321;1
322;1
323;0
324;3
325;0
326;0
327;1
328;0
329;2
330;1
331;0
332;1
333;1
334;2
335;1
336;1
337;0
338;2
339;3
340;1
341;1
342;0
343;0
344;1
345;0
346;1
347;2
348;2
349;0
350;0
351;1
352;0
353;0
354;0
355;1
356;2
357;1
358;1
359;1
360;0
361;0
362;1
363;1
364;0
365;2
366;0
367;0
368;0
369;2
370;2
371;0
372;2
373;2
374;0
375;1
376;1
377;0
378;0
379;1
380;0
381;0
382;0
383;0
384;3
385;1
386;1
387;0
388;0
389;0
390;1
391;0
392;0
393;0
394;1
395;0
396;0
397;1
398;1
399;0
400;2
401;0
402;0
403;0
404;2
405;1
406;1
407;0
408;0
409;2
410;1
411;1
412;1
413;2
414;0
415;0
416;0
417;1
418;0
419;1
420;0
421;1
422;1
423;0
424;2
425;1
426;0
427;0
428;0
429;1
430;0
431;1
432;0
433;1
434;0
435;0
436;0
437;0
438;0
439;1
440;1
441;1
442;1
443;0
444;0
445;0
446;1
447;0
448;2
449;0
450;1
451;0
452;0
453;1
454;0
455;0
456;1
457;1
458;1
459;1
460;2
461;0
462;0
463;1
464;1
465;0
466;0
467;0
468;0
469;0
470;0
471;0
472;1
473;0
474;1
475;0
476;0
477;1
478;0
479;1
480;1
481;1
482;4
483;1
484;0
485;0
486;1
487;0
488;0
489;1
490;0
491;2
492;0
493;2
494;0
495;0
496;0
497;0
498;3
499;0
500;1
501;0
502;1
503;0
504;1
505;0
506;1
507;1
508;2
509;0
510;2
511;1
512;1
513;1
514;3
515;1
516;0
517;0
518;1
519;1
520;0
521;1
522;1
523;0
524;0
525;2
526;3
527;1
528;1
529;1
530;1
531;1
532;0
533;0
534;0
535;0
536;0
537;1
538;1
539;0
540;1
541;2
542;0
543;1
544;0
545;1
546;0
547;0
548;0
549;0
550;0
551;0
552;1
553;0
554;0
555;0
556;0
557;1
558;2
559;0
560;0
561;0
562;2
563;1
564;0
565;0
566;0
567;1
568;0
569;3
570;1
571;1
572;0
573;0
574;0
575;0
576;0
577;1
578;0
579;1
580;0
581;0
582;0
583;0
584;0
585;2
586;0
587;1
588;0
589;1
590;0
591;1
592;2
593;0
594;1
595;1
596;1
597;0
598;2
599;1
600;1
601;0
602;0
603;0
604;2
605;1
606;0
607;0
608;1
609;0
610;0
611;2
612;1
613;0
614;0
615;1
616;0
617;0
618;1
619;2
620;0
621;1
622;1
623;0
624;0
625;1
626;0
627;0
628;2
629;0
630;0
631;0
632;0
633;0
634;1
635;0
636;1
637;1
638;0
639;0
640;1
641;1
642;0
643;0
644;0
645;2
646;1
647;0
648;0
649;0
650;3
651;0
652;0
653;1
654;1
655;0
656;2
657;2
658;0
659;3
660;1
661;0
662;0
663;1
664;2
665;1
666;0
667;2
668;2
669;0
670;0
671;0
672;1
673;1
674;3
675;2
676;0
677;0
678;0
679;1
680;1
681;1
682;0
683;0
684;0
685;1
686;0
687;0
688;1
689;2
690;0
691;1
692;0
693;1
694;2
695;3
696;2
697;1
698;0
699;0
700;0
701;1
702;1
703;1
704;0
705;0
706;1
707;1
708;2
709;0
710;1
711;1
712;0
713;0
714;2
715;0
716;0
717;0
718;1
719;1
720;1
721;1
722;0
723;1
724;0
725;0
726;0
727;0
728;1
729;0
730;1
731;1
732;0
733;0
734;0
735;0
736;0
737;0
738;2
739;1
740;0
741;0
742;0
743;0
744;0
745;0
746;0
747;0
748;0
749;1
750;0
751;1
752;2
753;0
754;0
755;1
756;1
757;0
758;1
759;0
760;1
761;1
762;1
763;0
764;0
765;1
766;0
767;0
768;1
769;0
770;0
771;1
772;0
773;1
774;0
775;0
776;0
777;2
778;0
779;2
780;1
781;0
782;0
783;2
784;0
785;0
786;1
787;1
788;0
789;0
790;0
791;0
792;0
793;0
794;1
795;0
796;0
797;0
798;0
799;2
800;1
801;2
802;1
803;1
804;0
805;1
806;0
807;2
808;0
809;0
810;1
811;1
812;0
813;0
814;0
815;0
816;0
817;1
818;0
819;0
820;0
821;1
822;2
823;0
824;1
825;0
826;0
827;2
828;1
829;0
830;2
831;1
832;0
833;1
834;1
835;0
836;0
837;0
838;4
839;0
840;2
841;1
842;0
843;2
844;0
845;0
846;0
847;1
848;1
849;1
850;0
851;2
852;1
853;0
854;0
855;0
856;1
857;0
858;1
859;0
860;0
861;0
862;1
863;1
864;0
865;1
866;1
867;0
868;0
869;0
870;0
871;1
872;0
873;2
874;0
875;0
876;0
877;0
878;0
879;2
880;1
881;0
882;0
883;1
884;0
885;0
886;0
887;2
888;2
889;0
890;1
891;1
892;0
893;0
894;1
895;0
896;0
897;2
898;0
899;1
900;0
901;0
902;0
903;0
904;1
905;1
906;1
907;0
908;0
909;0
910;1
911;4
912;2
913;0
914;0
915;1
916;2
917;2
918;0
919;2
920;0
921;2
922;2
923;1
924;0
925;1
926;2
927;0
928;0
929;1
930;2
931;0
932;1
933;0
934;0
935;0
936;3
937;3
938;2
939;0
940;1
941;1
942;0
943;1
944;0
945;1
946;0
947;0
948;0
949;0
950;0
951;1
952;0
953;0
954;0
955;0
956;0
957;1
958;0
959;0
960;0
961;0
962;1
963;2
964;0
965;0
966;1
967;1
968;2
969;1
970;1
971;0
972;1
973;3
974;0
975;0
976;1
977;0
978;0
979;3
980;0
981;1
982;0
983;1
984;0
985;3
986;0
987;0
988;0
989;0
990;1
991;1
992;0
993;2
994;0
995;1
996;0
997;0
998;1
999;3
1000;2
1001;1
1002;0
1003;0
1004;1
1005;0
1006;0
1007;1
1008;2
1009;1
1010;0
1011;0
1012;2
1013;0
1014;0
1015;1
1016;0
1017;1
1018;2
1019;2
1020;3
1021;1
1022;0
1023;0
1024;1
1025;0
1026;1
1027;1
1028;0
1029;0
1030;1
1031;0
1032;2
1033;0
1034;0
1035;0
1036;0
1037;0
1038;1
1039;1
1040;0
1041;0
1042;1
1043;1
1044;0
1045;0
1046;0
1047;0
1048;0
1049;0
1050;0
1051;0
1052;0
1053;0
1054;0
1055;1
1056;0
1057;1
1058;0
1059;0
1060;0
1061;0
1062;1
1063;1
1064;2
1065;2
1066;0
1067;3
1068;0
1069;0
1070;1
1071;0
1072;0
1073;1
1074;0
1075;0
1076;0
1077;0
1078;0
1079;0
1080;1
1081;0
1082;1
1083;1
1084;0
1085;1
1086;0
1087;1
1088;1
1089;0
1090;0
1091;0
1092;1
1093;0
1094;0
1095;0
1096;0
1097;0
1098;3
1099;1
1100;1
1101;1
1102;0
1103;0
1104;0
1105;0
1106;1
1107;1
1108;0
1109;0
1110;0
1111;3
1112;2
1113;0
1114;1
1115;0
1116;1
1117;1
1118;0
1119;0
1120;2
1121;0
1122;0
1123;1
1124;1
1125;0
1126;0
1127;0
1128;0
1129;0
1130;2
1131;0
1132;0
1133;1
1134;0
1135;0
1136;1
1137;2
1138;0
1139;0
1140;0
1141;1
1142;1
1143;1
1144;1
1145;1
1146;2
1147;0
1148;0
1149;0
1150;1
1151;1
1152;0
1153;0
1154;0
1155;0
1156;1
1157;0
1158;2
1159;1
1160;1
1161;1
1162;1
1163;1
1164;0
1165;2
1166;2
1167;1
1168;1
1169;0
1170;1
1171;0
1172;0
1173;0
1174;1
1175;0
1176;0
1177;0
1178;0
1179;0
1180;0
1181;1
1182;0
1183;3
1184;2
1185;0
1186;1
1187;0
1188;0
1189;1
1190;0
1191;0
1192;1
1193;0
1194;0
1195;1
1196;0
1197;0
1198;0
1199;0
1200;0
1201;1
1202;0
1203;0
1204;1
1205;3
1206;1
1207;3
1208;2
1209;0
1210;0
1211;0
1212;1
1213;0
1214;1
1215;1
1216;1
1217;0
1218;1
1219;2
1220;0
1221;0
1222;0
1223;0
1224;1
1225;1
1226;1
1227;1
1228;0
1229;2
1230;0
1231;1
1232;0
1233;0
1234;0
1235;0
1236;0
1237;0
1238;0
1239;1
1240;0
1241;0
1242;1
1243;0
1244;1
1245;0
1246;0
1247;1
1248;1
1249;3
1250;0
1251;2
1252;0
1253;1
1254;2
1255;0
1256;0
1257;0
1258;0
1259;0
1260;0
1261;2
1262;3
1263;0
1264;1
1265;0
1266;1
1267;0
1268;1
1269;1
1270;0
1271;0
1272;0
1273;0
1274;0
1275;1
1276;3
1277;0
1278;1
1279;0
1280;0
1281;1
1282;3
1283;0
1284;0
1285;2
1286;2
1287;0
1288;0
1289;1
1290;1
1291;0
1292;1
1293;2
1294;1
1295;0
1296;1
1297;0
1298;0
1299;1
1300;2
1301;0
1302;0
1303;0
1304;1
1305;0
1306;2
1307;0
1308;0
1309;1
1310;0
1311;1
1312;0
1313;0
1314;1
1315;1
1316;0
1317;1
1318;0
1319;2
1320;0
1321;0
1322;0
1323;1
1324;0
1325;1
1326;0
1327;1
1328;2
1329;2
1330;1
1331;1
1332;2
1333;0
1334;0
1335;0
1336;1
1337;1
1338;1
1339;2
1340;2
1341;2
1342;0
1343;0
1344;1
1345;0
1346;0
1347;0
1348;0
1349;0
1350;0
1351;0
1352;0
1353;1
1354;0
1355;0
1356;1
1357;1
1358;1
1359;0
1360;1
1361;2
1362;2
1363;0
1364;1
1365;0
1366;0
1367;0
1368;0
1369;0
1370;0
1371;0
1372;1
1373;0
1374;0
1375;0
1376;0
1377;1
1378;2
1379;0
1380;1
1381;0
1382;0
1383;1
1384;0
1385;1
1386;0
1387;1
1388;1
1389;0
1390;0
1391;1
1392;2
1393;0
1394;0
1395;2
1396;2
1397;0
1398;0
1399;0
1400;2
1401;0
1402;0
1403;0
1404;1
1405;1
1406;0
1407;0
1408;1
1409;0
1410;0
1411;0
1412;0
1413;0
1414;0
1415;3
1416;0
1417;1
1418;1
1419;0
1420;3
1421;4
1422;0
1423;1
1424;0
1425;1
1426;0
1427;3
1428;1
1429;2
1430;1
1431;1
1432;0
1433;0
1434;0
1435;0
1436;0
1437;3
1438;0
1439;0
1440;0
1441;2
1442;0
1443;2
1444;1
1445;0
1446;0
1447;1
1448;0
1449;0
1450;1
1451;0
1452;2
1453;1
1454;0
1455;0
1456;4
1457;1
1458;1
1459;0
1460;0
1461;1
1462;0
1463;0
1464;0
1465;1
1466;1
1467;1
1468;1
1469;0
1470;1
1471;1
1472;1
1473;1
1474;0
1475;0
1476;0
1477;1
1478;0
1479;0
1480;5
1481;1
1482;0
1483;0
1484;0
1485;1
1486;1
1487;1
1488;0
1489;0
1490;0
1491;0
1492;1
1493;0
1494;1
1495;0
1496;1
1497;0
1498;0
1499;0
1500;1
1501;0
1502;1
1503;1
1504;1
1505;2
1506;2
1507;0
1508;0
1509;0
1510;1
1511;1
1512;0
1513;1
1514;1
1515;0
1516;0
1517;0
1518;0
1519;0
1520;1
1521;2
1522;1
1523;2
1524;2
1525;0
1526;1
1527;0
1528;0
1529;0
1530;0
1531;0
1532;0
1533;0
1534;0
1535;0
1536;0
1537;1
1538;0
1539;0
1540;1
1541;1
1542;1
1543;2
1544;0
1545;1
1546;2
1547;1
1548;3
1549;1
1550;0
1551;2
1552;1
1553;1
1554;0
1555;0
1556;1
1557;0
1558;0
1559;1
1560;0
1561;1
1562;0
1563;2
1564;1
1565;0
1566;0
1567;0
1568;0
1569;1
1570;1
1571;0
1572;1
1573;0
1574;0
1575;0
1576;0
1577;0
1578;0
1579;0
1580;1
1581;0
1582;0
1583;1
1584;2
1585;2
1586;0
1587;0
1588;2
1589;0
1590;0
1591;1
1592;0
1593;1
1594;0
1595;0
1596;0
1597;0
1598;1
1599;0
1600;0
1601;0
1602;3
1603;1
1604;1
1605;0
1606;0
1607;1
1608;0
1609;0
1610;1
1611;0
1612;2
1613;0
1614;2
1615;0
1616;0
1617;0
1618;0
1619;1
1620;1
1621;0
1622;1
1623;0
1624;0
1625;0
1626;0
1627;1
1628;0
1629;0
1630;0
1631;1
1632;1
1633;0
1634;0
1635;2
1636;0
1637;1
1638;0
1639;0
1640;1
1641;0
1642;0
1643;0
1644;1
1645;0
1646;2
1647;1
1648;2
1649;0
1650;1
1651;0
1652;1
1653;1
1654;0
1655;1
1656;0
1657;2
1658;1
1659;0
1660;0
1661;0
1662;0
1663;1
1664;0
1665;0
1666;0
1667;0
1668;0
1669;0
1670;1
1671;1
1672;1
1673;0
1674;1
1675;0
1676;1
1677;0
1678;0
1679;2
1680;0
1681;0
1682;1
1683;2
1684;0
1685;0
1686;2
1687;1
1688;1
1689;2
1690;2
1691;0
1692;0
1693;1
1694;1
1695;0
1696;4
1697;0
1698;1
1699;0
1700;1
1701;1
1702;0
1703;0
1704;0
1705;0
1706;0
1707;1
1708;0
1709;0
1710;1
1711;0
1712;0
1713;1
1714;0
1715;1
1716;1
1717;3
1718;0
1719;2
1720;0
1721;1
1722;0
1723;0
1724;3
1725;1
1726;1
1727;2
1728;0
1729;0
1730;0
1731;0
1732;0
1733;0
1734;1
1735;2
1736;0
1737;0
1738;1
1739;0
1740;0
1741;0
1742;2
1743;0
1744;1
1745;2
1746;0
1747;0
1748;0
1749;3
1750;1
1751;1
1752;1
1753;4
1754;0
1755;1
1756;1
1757;1
1758;1
1759;0
1760;0
1761;1
1762;0
1763;1
1764;0
1765;2
1766;1
1767;1
1768;1
1769;0
1770;4
1771;0
1772;3
1773;0
1774;0
1775;1
1776;0
1777;0
1778;0
1779;0
1780;1
1781;0
1782;1
1783;0
1784;0
1785;1
1786;0
1787;1
1788;0
1789;0
1790;0
1791;1
1792;1
1793;0
1794;0
1795;1
1796;0
1797;0
1798;0
1799;1
1800;0
1801;3
1802;0
1803;1
1804;1
1805;0
1806;1
1807;1
1808;0
1809;1
1810;1
1811;1
1812;1
1813;1
1814;1
1815;1
1816;0
1817;0
1818;1
1819;1
1820;1
1821;0
1822;1
1823;0
1824;1
1825;0
1826;0
1827;0
1828;2
1829;0
1830;2
1831;0
1832;5
1833;1
1834;0
1835;0
1836;0
1837;1
1838;1
1839;1
1840;2
1841;0
1842;1
1843;0
1844;0
1845;0
1846;0
1847;0
1848;0
1849;0
1850;1
1851;1
1852;0
1853;0
1854;1
1855;1
1856;1
1857;0
1858;2
1859;0
1860;1
1861;1
1862;0
1863;0
1864;0
1865;0
1866;1
1867;0
1868;0
1869;0
1870;0
1871;0
1872;0
1873;0
1874;1
1875;0
1876;3
1877;0
1878;1
1879;0
1880;1
1881;2
1882;1
1883;0
1884;0
1885;0
1886;0
1887;0
1888;0
1889;0
1890;2
1891;0
1892;1
1893;0
1894;1
1895;0
1896;0
1897;1
1898;2
1899;0
1900;0
1901;2
1902;0
1903;1
1904;0
1905;0
1906;1
1907;3
1908;1
1909;0
1910;0
1911;1
1912;0
1913;0
1914;0
1915;2
1916;0
1917;0
1918;0
1919;0
1920;2
1921;1
1922;1
1923;2
1924;1
1925;1
1926;0
1927;1
1928;0
1929;0
1930;1
1931;1
1932;0
1933;0
1934;0
1935;1
1936;0
1937;0
1938;2
1939;1
1940;0
1941;1
1942;0
1943;2
1944;0
1945;0
1946;1
1947;0
1948;0
1949;1
1950;0
1951;1
1952;1
1953;1
1954;1
1955;1
1956;0
1957;1
1958;0
1959;1
1960;1
1961;1
1962;1
1963;2
1964;0
1965;1
1966;1
1967;0
1968;0
1969;2
1970;0
1971;2
1972;0
1973;1
1974;0
1975;0
1976;2
1977;1
1978;1
1979;0
1980;0
1981;1
1982;0
1983;0
1984;0
1985;1
1986;0
1987;0
1988;0
1989;1
1990;1
1991;0
1992;1
1993;1
1994;0
1995;1
1996;0
1997;0
1998;0
1999;0
2000;1
2001;1
2002;1
2003;0
2004;1
2005;0
2006;2
2007;0
2008;1
2009;1
2010;0
2011;0
2012;0
2013;1
2014;1
2015;1
2016;1
2017;2
2018;0
2019;0
2020;0
2021;0
2022;1
2023;0
2024;0
2025;1
2026;1
2027;2
2028;0
2029;0
2030;2
2031;1
2032;3
2033;1
2034;0
2035;0
2036;2
2037;0
2038;0
2039;2
2040;1
2041;0
2042;0
2043;1
2044;0
2045;0
2046;0
2047;1
2048;1
2049;0
2050;0
2051;0
2052;0
2053;0
2054;1
2055;0
2056;1
2057;0
2058;0
2059;0
2060;0
2061;1
2062;1
2063;3
2064;2
2065;0
2066;1
2067;0
2068;0
2069;0
2070;0
2071;2
2072;1
2073;0
2074;3
2075;0
2076;0
2077;0
2078;0
2079;1
2080;0
2081;1
2082;1
2083;0
2084;1
2085;0
2086;0
2087;0
2088;2
2089;0
2090;1
2091;3
2092;1
2093;0
2094;1
2095;0
2096;1
2097;3
2098;1
2099;1
2100;1
2101;0
2102;1
2103;0
2104;1
2105;0
2106;0
2107;3
2108;1
2109;1
2110;0
2111;0
2112;0
2113;1
2114;0
2115;0
2116;3
2117;2
2118;0
2119;0
2120;0
2121;0
2122;0
2123;0
2124;0
2125;2
2126;0
2127;1
2128;0
2129;0
2130;1
2131;2
2132;1
2133;0
2134;0
2135;0
2136;0
2137;0
2138;0
2139;0
2140;0
2141;0
2142;0
2143;1
2144;2
2145;1
2146;0
2147;2
2148;0
2149;1
2150;1
2151;4
2152;0
2153;1
2154;0
2155;3
2156;1
2157;0
2158;1
2159;0
2160;0
2161;1
2162;0
2163;0
2164;0
2165;3
2166;0
2167;0
2168;0
2169;2
2170;1
2171;0
2172;0
2173;1
2174;0
2175;2
2176;0
2177;0
2178;0
2179;1
2180;0
2181;0
2182;0
2183;1
2184;1
2185;0
2186;1
2187;0
2188;3
2189;1
2190;1
2191;0
2192;0
2193;0
2194;0
2195;0
2196;4
2197;0
2198;0
2199;0
2200;0
2201;0
2202;2
2203;1
2204;0
2205;1
2206;0
2207;2
2208;0
2209;1
2210;1
2211;0
2212;1
2213;0
2214;0
2215;1
2216;0
2217;0
2218;2
2219;1
2220;0
2221;0
2222;4
2223;1
2224;1
2225;0
2226;2
2227;0
2228;0
2229;0
2230;0
2231;0
2232;1
2233;0
2234;2
2235;0
2236;1
2237;1
2238;3
2239;0
2240;0
2241;1
2242;0
2243;1
2244;1
2245;1
2246;1
2247;0
2248;0
2249;1
2250;0
2251;1
2252;0
2253;0
2254;2
2255;3
2256;0
2257;0
2258;0
2259;0
2260;1
2261;0
2262;0
2263;0
2264;0
2265;0
2266;0
2267;0
2268;0
2269;2
2270;0
2271;1
2272;1
2273;0
2274;0
2275;1
2276;0
2277;1
2278;2
2279;3
2280;0
2281;0
2282;1
2283;0
2284;0
2285;1
2286;1
2287;1
2288;1
2289;0
2290;0
2291;0
2292;2
2293;0
2294;2
2295;1
2296;2
2297;2
2298;0
2299;1
2300;1
2301;0
2302;0
2303;1
2304;0
2305;3
2306;1
2307;0
2308;1
2309;0
2310;2
2311;2
2312;0
2313;2
2314;0
2315;0
2316;1
2317;0
2318;0
2319;0
2320;0
2321;1
2322;1
2323;1
2324;0
2325;0
2326;0
2327;0
2328;0
2329;0
2330;1
2331;0
2332;0
2333;0
2334;2
2335;0
2336;1
2337;0
2338;0
2339;1
2340;1
2341;1
2342;1
2343;2
2344;1
2345;1
2346;0
2347;0
2348;0
2349;0
2350;0
2351;1
2352;1
2353;2
2354;1
2355;2
2356;0
2357;0
2358;0
2359;0
2360;1
2361;0
2362;0
2363;0
2364;0
2365;1
2366;1
2367;0
2368;3
2369;0
2370;1
2371;0
2372;1
2373;3
2374;0
2375;1
2376;1
2377;1
2378;0
2379;0
2380;0
2381;1
2382;0
2383;1
2384;0
2385;0
2386;0
2387;2
2388;0
2389;1
2390;2
2391;2
2392;1
2393;0
2394;0
2395;1
2396;3
2397;0
2398;0
2399;2
2400;0
2401;1
2402;2
2403;0
2404;1
2405;1
2406;2
2407;1
2408;0
2409;0
2410;0
2411;0
2412;1
2413;1
2414;0
2415;1
2416;1
2417;2
2418;0
2419;0
2420;0
2421;0
2422;0
2423;0
2424;0
2425;1
2426;2
2427;0
2428;1
2429;0
2430;0
2431;0
2432;0
2433;0
2434;0
2435;0
2436;0
2437;0
2438;0
2439;0
2440;0
2441;0
2442;1
2443;1
2444;1
2445;0
2446;2
2447;1
2448;1
2449;0
2450;0
2451;1
2452;2
2453;0
2454;0
2455;0
2456;0
2457;2
2458;2
2459;0
2460;1
2461;0
2462;1
2463;2
2464;0
2465;1
2466;0
2467;1
2468;0
2469;3
2470;0
2471;1
2472;1
2473;1
2474;0
2475;2
2476;1
2477;0
2478;0
2479;2
2480;2
2481;1
2482;2
2483;2
2484;0
2485;0
2486;0
2487;0
2488;1
2489;0
2490;0
2491;0
2492;0
2493;3
2494;1
2495;0
2496;1
2497;0
2498;0
2499;1
2500;2
2501;0
2502;0
2503;0
2504;0
2505;1
2506;1
2507;0
2508;0
2509;1
2510;1
2511;0
2512;0
2513;0
2514;0
2515;0
2516;0
2517;2
2518;1
2519;0
2520;1
2521;1
2522;0
2523;0
2524;0
2525;0
2526;0
2527;0
2528;1
2529;0
2530;2
2531;1
2532;1
2533;1
2534;3
2535;1
2536;2
2537;0
2538;0
2539;0
2540;0
2541;1
2542;0
2543;1
2544;0
2545;0
2546;1
2547;0
2548;1
2549;1
2550;0
2551;0
2552;1
2553;0
2554;1
2555;1
2556;0
2557;0
2558;0
2559;1
2560;0
2561;1
2562;1
2563;0
2564;0
2565;0
2566;0
2567;0
2568;0
2569;0
2570;0
2571;1
2572;1
2573;1
2574;0
2575;1
2576;0
2577;0
2578;1
2579;1
2580;4
2581;0
2582;0
2583;1
2584;1
2585;2
2586;0
2587;1
2588;1
2589;0
2590;0
2591;1
2592;1
2593;1
2594;2
2595;1
2596;0
2597;1
2598;0
2599;0
2600;1
2601;1
2602;0
2603;0
2604;2
2605;0
2606;1
2607;0
2608;0
2609;0
2610;0
2611;1
2612;0
2613;1
2614;1
2615;0
2616;0
2617;0
2618;2
2619;3
2620;0
2621;0
2622;1
2623;0
2624;0
2625;0
2626;2
2627;0
2628;1
2629;1
2630;1
2631;0
2632;0
2633;1
2634;1
2635;0
2636;0
2637;0
2638;2
2639;0
2640;1
2641;2
2642;1
2643;1
2644;0
2645;0
2646;1
2647;2
2648;0
2649;1
2650;0
2651;0
2652;0
2653;1
2654;0
2655;0
2656;1
2657;0
2658;0
2659;1
2660;2
2661;0
2662;0
2663;1
2664;1
2665;0
2666;1
2667;0
2668;1
2669;0
2670;0
2671;1
2672;1
2673;1
2674;0
2675;0
2676;2
2677;0
2678;0
2679;0
2680;2
2681;1
2682;0
2683;0
2684;0
2685;0
2686;0
2687;1
2688;0
2689;0
2690;1
2691;0
2692;0
2693;1
2694;1
2695;3
2696;0
2697;0
2698;0
2699;1
2700;1
2701;1
2702;0
2703;0
2704;2
2705;1
2706;0
2707;2
2708;2
2709;1
2710;0
2711;0
2712;1
2713;1
2714;0
2715;0
2716;0
2717;2
2718;1
2719;1
2720;0
2721;0
2722;1
2723;1
2724;0
2725;0
2726;2
2727;0
2728;0
2729;1
2730;0
2731;0
2732;2
2733;1
2734;1
2735;2
2736;2
2737;1
2738;1
2739;1
2740;0
2741;1
2742;1
2743;1
2744;0
2745;0
2746;1
2747;1
2748;0
2749;0
2750;0
2751;1
2752;0
2753;1
2754;0
2755;0
2756;1
2757;1
2758;0
2759;0
2760;0
2761;1
2762;0
2763;0
2764;0
2765;1
2766;1
2767;2
2768;0
2769;2
2770;1
2771;0
2772;1
2773;0
2774;1
2775;0
2776;0
2777;0
2778;0
2779;0
2780;0
2781;0
2782;2
2783;1
2784;1
2785;0
2786;0
2787;0
2788;0
2789;1
2790;0
2791;0
2792;0
2793;1
2794;0
2795;0
2796;0
2797;0
2798;1
2799;3
2800;1
2801;1
2802;1
2803;0
2804;0
2805;0
2806;1
2807;1
2808;0
2809;1
2810;2
2811;2
2812;0
2813;0
2814;0
2815;0
2816;2
2817;0
2818;0
2819;1
2820;1
2821;1
2822;3
2823;0
2824;1
2825;0
2826;2
2827;2
2828;0
2829;2
2830;2
2831;0
2832;1
2833;0
2834;3
2835;1
2836;0
2837;1
2838;0
2839;1
2840;1
2841;0
2842;0
2843;0
2844;1
2845;1
2846;0
2847;1
2848;0
2849;0
2850;0
2851;1
2852;0
2853;0
2854;1
2855;0
2856;0
2857;0
2858;1
2859;0
2860;0
2861;0
2862;0
2863;2
2864;2
2865;1
2866;0
2867;3
2868;0
2869;0
2870;0
2871;1
2872;2
2873;1
2874;1
2875;0
2876;1
2877;1
2878;0
2879;1
2880;0
2881;1
2882;0
2883;0
2884;0
2885;1
2886;0
2887;1
2888;1
2889;0
2890;3
2891;0
2892;0
2893;1
2894;0
2895;0
2896;0
2897;0
2898;1
2899;0
2900;0
2901;1
2902;1
2903;1
2904;0
2905;0
2906;1
2907;2
2908;0
2909;0
2910;1
2911;1
2912;0
2913;0
2914;0
2915;0
2916;0
2917;1
2918;1
2919;2
2920;0
2921;0
2922;1
2923;0
2924;0
2925;0
2926;2
2927;1
2928;0
2929;1
2930;1
2931;0
2932;2
2933;0
2934;0
2935;0
2936;1
2937;0
2938;0
2939;0
2940;0
2941;2
2942;0
2943;0
2944;2
2945;1
2946;0
2947;0
2948;0
2949;1
2950;0
2951;0
2952;0
2953;1
2954;0
2955;1
2956;0
2957;0
2958;1
2959;0
2960;0
2961;1
2962;2
2963;0
2964;0
2965;0
2966;0
2967;0
2968;0
2969;0
2970;1
2971;1
2972;0
2973;1
2974;0
2975;0
2976;1
2977;0
2978;1
2979;0
2980;0
2981;0
2982;0
2983;0
2984;0
2985;0
2986;0
2987;0
2988;1
2989;1
2990;1
2991;0
2992;0
2993;0
2994;0
2995;0
2996;0
2997;0
2998;0
2999;0
3000;1
3001;0
3002;0
3003;0
3004;2
3005;0
3006;0
3007;0
3008;2
3009;0
3010;0
3011;0
3012;2
3013;2
3014;0
3015;1
3016;0
3017;1
3018;1
3019;1
3020;3
3021;0
3022;1
3023;0
3024;0
3025;0
3026;0
3027;1
3028;1
3029;0
3030;0
3031;1
3032;2
3033;1
3034;0
3035;0
3036;0
3037;0
3038;0
3039;0
3040;0
3041;1
3042;1
3043;0
3044;0
3045;3
3046;0
3047;1
3048;0
3049;0
3050;0
3051;1
3052;1
3053;0
3054;0
3055;1
3056;2
3057;1
3058;1
3059;0
3060;0
3061;0
3062;2
3063;1
3064;1
3065;1
3066;1
3067;0
3068;0
3069;1
3070;1
3071;0
3072;0
3073;0
3074;0
3075;0
3076;0
3077;2
3078;2
3079;0
3080;0
3081;0
3082;1
3083;0
3084;1
3085;0
3086;1
3087;1
3088;0
3089;1
3090;0
3091;1
3092;1
3093;0
3094;0
3095;3
3096;1
3097;0
3098;0
3099;3
3100;1
3101;1
3102;0
3103;1
3104;0
3105;1
3106;0
3107;1
3108;1
3109;0
3110;0
3111;1
3112;0
3113;2
3114;0
3115;1
3116;0
3117;1
3118;0
3119;0
3120;1
3121;1
3122;0
3123;1
3124;0
3125;0
3126;0
3127;0
3128;1
3129;1
3130;1
3131;0
3132;0
3133;1
3134;0
3135;1
3136;3
3137;0
3138;0
3139;1
3140;0
3141;0
3142;0
3143;0
3144;0
3145;0
3146;0
3147;1
3148;1
3149;1
3150;0
3151;1
3152;1
3153;2
3154;0
3155;0
3156;0
3157;0
3158;0
3159;1
3160;0
3161;1
3162;0
3163;0
3164;0
3165;1
3166;0
3167;0
3168;1
3169;0
3170;1
3171;1
3172;2
3173;2
3174;1
3175;2
3176;2
3177;0
3178;0
3179;5
3180;1
3181;2
3182;0
3183;0
3184;1
3185;1
3186;0
3187;1
3188;0
3189;0
3190;1
3191;1
3192;1
3193;0
3194;0
3195;0
3196;0
3197;1
3198;1
3199;0
3200;0
3201;0
3202;2
3203;0
3204;2
3205;0
3206;1
3207;1
3208;0
3209;0
3210;1
3211;1
3212;1
3213;0
3214;2
3215;0
3216;1
3217;0
3218;1
3219;1
3220;1
3221;0
3222;0
3223;0
3224;0
3225;1
3226;2
3227;0
3228;2
3229;0
3230;0
3231;0
3232;0
3233;1
3234;0
3235;0
3236;1
3237;0
3238;1
3239;1
3240;3
3241;0
3242;1
3243;1
3244;2
3245;2
3246;1
3247;1
3248;0
3249;1
3250;0
3251;1
3252;0
3253;2
3254;1
3255;0
3256;0
3257;1
3258;0
3259;1
3260;1
3261;0
3262;0
3263;0
3264;2
3265;0
3266;0
3267;1
3268;0
3269;1
3270;0
3271;2
3272;1
3273;0
3274;1
3275;0
3276;1
3277;1
3278;1
3279;2
3280;0
3281;1
3282;0
3283;0
3284;1
3285;0
3286;0
3287;0
3288;0
3289;1
3290;0
3291;0
3292;0
3293;0
3294;1
3295;0
3296;1
3297;0
3298;2
3299;0
3300;1
3301;0
3302;0
3303;0
3304;0
3305;0
3306;1
3307;1
3308;0
3309;0
3310;1
3311;1
3312;0
3313;1
3314;1
3315;0
3316;1
3317;0
3318;1
3319;2
3320;1
3321;1
3322;1
3323;1
3324;2
3325;1
3326;0
3327;2
3328;0
3329;2
3330;2
3331;1
3332;1
3333;1
3334;0
3335;1
3336;2
3337;0
3338;1
3339;0
3340;1
3341;1
3342;1
3343;0
3344;0
3345;2
3346;0
3347;1
3348;1
3349;0
3350;1
3351;0
3352;0
3353;0
3354;1
3355;0
3356;0
3357;0
3358;1
3359;0
3360;0
3361;3
3362;1
3363;1
3364;3
3365;0
3366;1
3367;0
3368;0
3369;0
3370;0
3371;1
3372;0
3373;1
3374;1
3375;0
3376;0
3377;0
3378;0
3379;1
3380;0
3381;1
3382;0
3383;2
3384;1
3385;0
3386;1
3387;0
3388;0
3389;3
3390;1
3391;0
3392;0
3393;1
3394;0
3395;1
3396;1
3397;1
3398;0
3399;1
3400;1
3401;1
3402;1
3403;1
3404;0
3405;0
3406;0
3407;0
3408;0
3409;0
3410;0
3411;0
3412;0
3413;1
3414;1
3415;1
3416;2
3417;1
3418;0
3419;0
3420;1
3421;1
3422;0
3423;0
3424;1
3425;1
3426;1
3427;0
3428;1
3429;1
3430;3
3431;0
3432;0
3433;1
3434;2
3435;0
3436;1
3437;3
3438;1
3439;0
3440;1
3441;1
3442;1
3443;0
3444;0
3445;0
3446;0
3447;1
3448;1
3449;0
3450;1
3451;0
3452;0
3453;0
3454;2
3455;4
3456;0
3457;1
3458;1
3459;0
3460;1
3461;0
3462;1
3463;0
3464;0
3465;1
3466;0
3467;0
3468;1
3469;0
3470;1
3471;0
3472;1
3473;0
3474;0
3475;0
3476;0
3477;1
3478;0
3479;0
3480;1
3481;0
3482;0
3483;1
3484;1
3485;2
3486;0
3487;2
3488;0
3489;1
3490;1
3491;0
3492;0
3493;0
3494;0
3495;1
3496;0
3497;0
3498;1
3499;0
3500;1
3501;0
3502;0
3503;0
3504;0
3505;0
3506;1
3507;1
3508;1
3509;0
3510;0
3511;1
3512;0
3513;0
3514;0
3515;0
3516;0
3517;0
3518;0
3519;0
3520;0
3521;1
3522;0
3523;0
3524;1
3525;1
3526;2
3527;1
3528;2
3529;1
3530;0
3531;0
3532;0
3533;1
3534;0
3535;1
3536;2
3537;1
3538;0
3539;0
3540;0
3541;0
3542;1
3543;1
3544;0
3545;2
3546;0
3547;0
3548;1
3549;1
3550;1
3551;1
3552;0
3553;1
3554;0
3555;1
3556;0
3557;0
3558;1
3559;0
3560;1
3561;1
3562;0
3563;0
3564;0
3565;0
3566;0
3567;0
3568;1
3569;1
3570;0
3571;2
3572;2
3573;2
3574;0
3575;0
3576;1
3577;0
3578;2
3579;2
3580;2
3581;1
3582;2
3583;0
3584;0
3585;0
3586;1
3587;0
3588;0
3589;0
3590;0
3591;0
3592;0
3593;0
3594;0
3595;0
3596;0
3597;1
3598;0
3599;2
3600;0
3601;1
3602;1
3603;0
3604;0
3605;0
3606;2
3607;0
3608;0
3609;0
3610;1
3611;1
3612;0
3613;0
3614;1
3615;1
3616;1
3617;0
3618;0
3619;1
3620;1
3621;1
3622;2
3623;1
3624;1
3625;0
3626;0
3627;0
3628;0
3629;0
3630;2
3631;0
3632;0
3633;2
3634;0
3635;0
3636;1
3637;0
3638;0
3639;0
3640;1
3641;0
3642;1
3643;2
3644;1
3645;1
3646;1
3647;1
3648;0
3649;2
3650;1
3651;1
3652;0
3653;0
3654;1
3655;0
3656;0
3657;1
3658;1
3659;0
3660;0
3661;0
3662;0
3663;0
3664;0
3665;0
3666;0
3667;0
3668;0
3669;1
3670;1
3671;2
3672;0
3673;0
3674;0
3675;0
3676;0
3677;0
3678;1
3679;0
3680;2
3681;1
3682;3
3683;1
3684;0
3685;0
3686;2
3687;0
3688;0
3689;0
3690;0
3691;0
3692;0
3693;0
3694;1
3695;1
3696;1
3697;0
3698;2
3699;0
3700;2
3701;0
3702;0
3703;0
3704;0
3705;0
3706;0
3707;0
3708;1
3709;0
3710;0
3711;0
3712;0
3713;0
3714;0
3715;2
3716;0
3717;0
3718;1
3719;1
3720;0
3721;0
3722;0
3723;0
3724;0
3725;0
3726;0
3727;0
3728;0
3729;1
3730;0
3731;0
3732;0
3733;0
3734;0
3735;1
3736;1
3737;1
3738;1
3739;0
3740;2
3741;1
3742;1
3743;0
3744;0
3745;2
3746;0
3747;0
3748;0
3749;0
3750;1
3751;1
3752;2
3753;0
3754;0
3755;0
3756;0
3757;0
3758;1
3759;0
3760;0
3761;0
3762;0
3763;0
3764;0
3765;2
3766;1
3767;1
3768;0
3769;0
3770;2
3771;1
3772;2
3773;1
3774;2
3775;0
3776;1
3777;0
3778;0
3779;0
3780;0
3781;1
3782;1
3783;1
3784;1
3785;1
3786;0
3787;0
3788;1
3789;1
3790;0
3791;2
3792;0
3793;0
3794;1
3795;0
3796;1
3797;0
3798;1
3799;1
3800;2
3801;0
3802;1
3803;0
3804;1
3805;0
3806;1
3807;0
3808;0
3809;1
3810;1
3811;0
3812;0
3813;0
3814;1
3815;1
3816;0
3817;0
3818;0
3819;1
3820;0
3821;1
3822;0
3823;3
3824;0
3825;0
3826;0
3827;0
3828;0
3829;2
3830;0
3831;1
3832;1
3833;0
3834;1
3835;0
3836;1
3837;0
3838;2
3839;0
3840;1
3841;0
3842;0
3843;0
3844;1
3845;1
3846;0
3847;0
3848;0
3849;0
3850;1
3851;0
3852;0
3853;3
3854;0
3855;0
3856;0
3857;0
3858;1
3859;0
3860;0
3861;0
3862;0
3863;2
3864;1
3865;0
3866;2
3867;1
3868;1
3869;2
3870;1
3871;0
3872;0
3873;0
3874;0
3875;0
3876;0
3877;0
3878;0
3879;0
3880;2
3881;0
3882;1
3883;1
3884;0
3885;2
3886;2
3887;0
3888;0
3889;1
3890;0
3891;2
3892;1
3893;0
3894;1
3895;2
3896;0
3897;3
3898;2
3899;0
3900;2
3901;0
3902;2
3903;0
3904;1
3905;2
3906;0
3907;0
3908;1
3909;0
3910;0
3911;0
3912;1
3913;1
3914;1
3915;1
3916;2
3917;0
3918;2
3919;1
3920;1
3921;1
3922;0
3923;0
3924;0
3925;3
3926;1
3927;0
3928;0
3929;0
3930;0
3931;0
3932;1
3933;1
3934;0
3935;0
3936;0
3937;1
3938;1
3939;0
3940;1
3941;0
3942;0
3943;0
3944;0
3945;1
3946;1
3947;0
3948;1
3949;1
3950;0
3951;0
3952;1
3953;0
3954;0
3955;0
3956;1
3957;0
3958;0
3959;1
3960;1
3961;1
3962;0
3963;0
3964;0
3965;0
3966;0
3967;1
3968;0
3969;0
3970;0
3971;0
3972;1
3973;0
3974;0
3975;0
3976;0
3977;0
3978;0
3979;2
3980;3
3981;1
3982;0
3983;0
3984;0
3985;0
3986;0
3987;0
3988;0
3989;0
3990;1
3991;2
3992;0
3993;1
3994;1
3995;0
3996;2
3997;1
3998;2
3999;0
4000;1
4001;0
4002;0
4003;1
4004;0
4005;0
4006;0
4007;2
4008;0
4009;2
4010;1
4011;1
4012;0
4013;0
4014;2
4015;0
4016;1
4017;1
4018;0
4019;0
4020;1
4021;0
4022;1
4023;2
4024;0
4025;1
4026;1
4027;0
4028;0
4029;1
4030;1
4031;1
4032;0
4033;1
4034;1
4035;1
4036;0
4037;0
4038;1
4039;1
4040;1
4041;1
4042;0
4043;1
4044;0
4045;0
4046;0
4047;1
4048;0
4049;0
4050;0
4051;2
4052;0
4053;0
4054;2
4055;1
4056;0
4057;1
4058;1
4059;0
4060;2
4061;2
4062;0
4063;1
4064;1
4065;1
4066;0
4067;1
4068;0
4069;1
4070;0
4071;0
4072;0
4073;0
4074;0
4075;1
4076;1
4077;0
4078;0
4079;1
4080;1
4081;2
4082;0
4083;2
4084;1
4085;2
4086;2
4087;1
4088;0
4089;1
4090;2
4091;0
4092;0
4093;0
4094;1
4095;0
4096;1
4097;0
4098;0
4099;1
4100;0
4101;0
4102;1
4103;0
4104;0
4105;0
4106;1
4107;0
4108;0
4109;0
4110;1
4111;0
4112;4
4113;0
4114;0
4115;0
4116;1
4117;1
4118;1
4119;0
4120;0
4121;1
4122;0
4123;0
4124;0
4125;0
4126;1
4127;0
4128;3
4129;3
4130;0
4131;0
4132;1
4133;0
4134;0
4135;0
4136;1
4137;2
4138;1
4139;1
4140;1
4141;0
4142;1
4143;0
4144;1
4145;0
4146;0
4147;0
4148;2
4149;1
4150;0
4151;0
4152;1
4153;1
4154;2
4155;1
4156;1
4157;0
4158;0
4159;0
4160;1
4161;0
4162;0
4163;1
4164;0
4165;0
4166;0
4167;2
4168;0
4169;2
4170;0
4171;0
4172;0
4173;1
4174;0
4175;1
4176;0
4177;0
4178;1
4179;3
4180;0
4181;1
4182;1
4183;0
4184;1
4185;1
4186;1
4187;0
4188;1
4189;1
4190;1
4191;2
4192;1
4193;1
4194;2
4195;0
4196;0
4197;0
4198;0
4199;1
4200;0
4201;1
4202;1
4203;1
4204;2
4205;0
4206;1
4207;0
4208;0
4209;0
4210;1
4211;2
4212;0
4213;0
4214;0
4215;2
4216;1
4217;1
4218;0
4219;1
4220;0
4221;0
4222;1
4223;0
4224;1
4225;1
4226;1
4227;0
4228;0
4229;0
4230;1
4231;0
4232;2
4233;0
4234;1
4235;1
4236;0
4237;1
4238;1
4239;0
4240;0
4241;0
4242;0
4243;0
4244;2
4245;0
4246;0
4247;0
4248;1
4249;0
4250;1
4251;0
4252;1
4253;0
4254;0
4255;1
4256;0
4257;1
4258;1
4259;1
4260;1
4261;2
4262;1
4263;1
4264;0
4265;2
4266;0
4267;0
4268;2
4269;3
4270;1
4271;0
4272;2
4273;0
4274;0
4275;1
4276;1
4277;0
4278;0
4279;2
4280;1
4281;0
4282;2
4283;4
4284;0
4285;0
4286;0
4287;0
4288;1
4289;0
4290;0
4291;0
4292;1
4293;1
4294;0
4295;2
4296;0
4297;0
4298;0
4299;1
4300;1
4301;1
4302;1
4303;1
4304;1
4305;0
4306;2
4307;0
4308;0
4309;1
4310;2
4311;0
4312;1
4313;0
4314;1
4315;1
4316;0
4317;1
4318;0
4319;0
4320;1
4321;3
4322;3
4323;1
4324;1
4325;0
4326;1
4327;0
4328;0
4329;3
4330;0
4331;0
4332;2
4333;1
4334;0
4335;0
4336;0
4337;2
4338;1
4339;0
4340;1
4341;0
4342;0
4343;0
4344;0
4345;0
4346;0
4347;1
4348;0
4349;0
4350;0
4351;1
4352;0
4353;0
4354;0
4355;0
4356;2
4357;0
4358;1
4359;0
4360;0
4361;0
4362;1
4363;0
4364;0
4365;1
4366;1
4367;0
4368;0
4369;0
4370;0
4371;0
4372;0
4373;0
4374;0
4375;1
4376;0
4377;1
4378;1
4379;0
4380;0
4381;1
4382;1
4383;1
4384;0
4385;0
4386;1
4387;1
4388;1
4389;2
4390;0
4391;0
4392;0
4393;1
4394;0
4395;0
4396;0
4397;0
4398;1
4399;4
4400;0
4401;0
4402;2
4403;0
4404;2
4405;1
4406;1
4407;0
4408;1
4409;0
4410;0
4411;0
4412;1
4413;0
4414;2
4415;0
4416;0
4417;0
4418;0
4419;2
4420;0
4421;1
4422;0
4423;0
4424;0
4425;0
4426;3
4427;0
4428;1
4429;1
4430;1
4431;0
4432;1
4433;0
4434;0
4435;0
4436;0
4437;0
4438;0
4439;0
4440;1
4441;1
4442;0
4443;0
4444;0
4445;1
4446;0
4447;2
4448;0
4449;0
4450;2
4451;1
4452;0
4453;0
4454;0
4455;2
4456;2
4457;0
4458;0
4459;1
4460;0
4461;0
4462;0
4463;1
4464;0
4465;1
4466;0
4467;1
4468;0
4469;2
4470;0
4471;1
4472;1
4473;1
4474;0
4475;0
4476;0
4477;0
4478;1
4479;1
4480;0
4481;1
4482;0
4483;1
4484;0
4485;2
4486;0
4487;0
4488;0
4489;1
4490;1
4491;0
4492;1
4493;0
4494;0
4495;0
4496;1
4497;0
4498;1
4499;1
4500;1
4501;0
4502;1
4503;1
4504;1
4505;0
4506;0
4507;1
4508;1
4509;0
4510;0
4511;0
4512;1
4513;0
4514;1
4515;1
4516;0
4517;0
4518;2
4519;0
4520;1
4521;0
4522;0
4523;1
4524;1
4525;1
4526;0
4527;1
4528;0
4529;0
4530;0
4531;0
4532;0
4533;1
4534;0
4535;1
4536;1
4537;0
4538;0
4539;2
4540;0
4541;0
4542;1
4543;0
4544;0
4545;1
4546;2
4547;2
4548;0
4549;0
4550;2
4551;0
4552;0
4553;1
4554;0
4555;0
4556;0
4557;0
4558;2
4559;1
4560;0
4561;0
4562;3
4563;0
4564;1
4565;0
4566;0
4567;0
4568;0
4569;0
4570;0
4571;1
4572;0
4573;2
4574;3
4575;0
4576;0
4577;1
4578;0
4579;3
4580;1
4581;0
4582;0
4583;0
4584;1
4585;1
4586;0
4587;1
4588;0
4589;0
4590;0
4591;2
4592;1
4593;0
4594;0
4595;2
4596;0
4597;0
4598;0
4599;0
4600;1
4601;2
4602;0
4603;0
4604;2
4605;2
4606;0
4607;2
4608;1
4609;0
4610;0
4611;0
4612;0
4613;1
4614;1
4615;0
4616;0
4617;0
4618;0
4619;0
4620;0
4621;0
4622;0
4623;1
4624;0
4625;1
4626;0
4627;1
4628;0
4629;0
4630;1
4631;0
4632;0
4633;1
4634;3
4635;1
4636;0
4637;0
4638;1
4639;0
4640;0
4641;0
4642;1
4643;0
4644;0
4645;0
4646;0
4647;0
4648;1
4649;0
4650;0
4651;1
4652;1
4653;1
4654;0
4655;1
4656;1
4657;1
4658;4
4659;0
4660;0
4661;1
4662;0
4663;0
4664;0
4665;1
4666;1
4667;1
4668;1
4669;0
4670;0
4671;0
4672;0
4673;1
4674;1
4675;0
4676;0
4677;0
4678;2
4679;2
4680;0
4681;2
4682;1
4683;1
4684;0
4685;0
4686;0
4687;0
4688;0
4689;1
4690;0
4691;0
4692;1
4693;2
4694;0
4695;0
4696;0
4697;2
4698;0
4699;1
4700;1
4701;0
4702;0
4703;1
4704;0
4705;0
4706;0
4707;0
4708;0
4709;0
4710;0
4711;0
4712;1
4713;0
4714;0
4715;1
4716;1
4717;1
4718;2
4719;2
4720;0
4721;1
4722;1
4723;1
4724;0
4725;0
4726;2
4727;0
4728;1
4729;0
4730;0
4731;0
4732;1
4733;1
4734;0
4735;0
4736;0
4737;0
4738;0
4739;0
4740;1
4741;0
4742;2
4743;0
4744;0
4745;0
4746;1
4747;1
4748;0
4749;0
4750;0
4751;0
4752;1
4753;0
4754;0
4755;0
4756;0
4757;0
4758;0
4759;1
4760;0
4761;0
4762;0
4763;0
4764;0
4765;0
4766;1
4767;0
4768;0
4769;1
4770;2
4771;0
4772;0
4773;0
4774;0
4775;1
4776;0
4777;2
4778;1
4779;1
4780;0
4781;1
4782;0
4783;2
4784;1
4785;0
4786;3
4787;0
4788;0
4789;2
4790;0
4791;1
4792;2
4793;1
4794;0
4795;0
4796;0
4797;0
4798;1
4799;0
4800;0
4801;1
4802;1
4803;2
4804;0
4805;0
4806;0
4807;1
4808;0
4809;0
4810;1
4811;0
4812;0
4813;0
4814;0
4815;0
4816;1
4817;1
4818;0
4819;2
4820;0
4821;0
4822;1
4823;0
4824;0
4825;1
4826;0
4827;0
4828;0
4829;0
4830;2
4831;0
4832;0
4833;0
4834;0
4835;0
4836;1
4837;1
4838;1
4839;0
4840;0
4841;1
4842;1
4843;0
4844;1
4845;1
4846;1
4847;1
4848;0
4849;0
4850;3
4851;0
4852;1
4853;0
4854;2
4855;1
4856;0
4857;1
4858;0
4859;1
4860;0
4861;1
4862;0
4863;0
4864;0
4865;1
4866;1
4867;1
4868;1
4869;0
4870;1
4871;2
4872;0
4873;0
4874;0
4875;0
4876;1
4877;0
4878;1
4879;1
4880;0
4881;3
4882;1
4883;1
4884;0
4885;0
4886;0
4887;0
4888;0
4889;1
4890;0
4891;1
4892;0
4893;1
4894;0
4895;0
4896;0
4897;1
4898;0
4899;1
4900;1
4901;1
4902;0
4903;1
4904;1
4905;0
4906;1
4907;0
4908;1
4909;0
4910;3
4911;1
4912;0
4913;0
4914;0
4915;0
4916;0
4917;2
4918;1
4919;1
4920;0
4921;2
4922;0
4923;1
4924;0
4925;0
4926;2
4927;2
4928;1
4929;0
4930;0
4931;0
4932;0
4933;0
4934;0
4935;1
4936;1
4937;1
4938;1
4939;0
4940;2
4941;0
4942;0
4943;1
4944;0
4945;1
4946;0
4947;2
4948;1
4949;1
4950;0
4951;0
4952;1
4953;0
4954;1
4955;0
4956;0
4957;0
4958;1
4959;1
4960;0
4961;1
4962;0
4963;0
4964;3
4965;0
4966;0
4967;1
4968;0
4969;0
4970;0
4971;0
4972;0
4973;1
4974;0
4975;0
4976;0
4977;0
4978;1
4979;1
4980;0
4981;1
4982;0
4983;0
4984;0
4985;0
4986;0
4987;0
4988;0
4989;1
4990;0
4991;0
4992;0
4993;1
4994;0
4995;1
4996;2
4997;1
4998;1
4999;0
5000;1
5001;1
5002;2
5003;1
5004;1
5005;1
5006;0
5007;0
5008;0
5009;1
5010;1
5011;1
5012;0
5013;0
5014;2
5015;2
5016;0
5017;0
5018;1
5019;0
5020;1
5021;0
5022;1
5023;1
5024;0
5025;1
5026;0
5027;0
5028;1
5029;1
5030;2
5031;1
5032;0
5033;1
5034;1
5035;1
5036;0
5037;0
5038;0
5039;1
5040;1
5041;0
5042;0
5043;1
5044;0
5045;1
5046;1
5047;0
5048;0
5049;0
5050;1
5051;0
5052;0
5053;1
5054;1
5055;0
5056;0
5057;2
5058;0
5059;0
5060;0
5061;0
5062;0
5063;0
5064;1
5065;0
5066;1
5067;0
5068;1
5069;1
5070;0
5071;1
5072;1
5073;0
5074;1
5075;0
5076;0
5077;0
5078;0
5079;0
5080;0
5081;0
5082;0
5083;0
5084;0
5085;0
5086;0
5087;0
5088;1
5089;0
5090;0
5091;0
5092;1
5093;2
5094;0
5095;1
5096;1
5097;2
5098;0
5099;1
5100;0
5101;0
5102;0
5103;1
5104;0
5105;1
5106;0
5107;0
5108;2
5109;2
5110;0
5111;0
5112;1
5113;1
5114;0
5115;0
5116;0
5117;0
5118;3
5119;0
5120;1
5121;1
5122;0
5123;2
5124;1
5125;1
5126;0
5127;0
5128;1
5129;2
5130;0
5131;1
5132;0
5133;0
5134;1
5135;1
5136;0
5137;0
5138;0
5139;0
5140;0
5141;2
5142;0
5143;0
5144;0
5145;0
5146;1
5147;0
5148;0
5149;0
5150;3
5151;0
5152;0
5153;1
5154;0
5155;1
5156;0
5157;0
5158;1
5159;1
5160;0
5161;1
5162;2
5163;0
5164;0
5165;2
5166;0
5167;0
5168;0
5169;2
5170;1
5171;1
5172;0
5173;0
5174;0
5175;0
5176;0
5177;0
5178;1
5179;1
5180;1
5181;0
5182;0
5183;1
5184;2
5185;2
5186;0
5187;1
5188;0
5189;0
5190;1
5191;1
5192;1
5193;0
5194;0
5195;0
5196;2
5197;1
5198;0
5199;2
5200;1
5201;1
5202;2
5203;1
5204;1
5205;0
5206;0
5207;1
5208;0
5209;0
5210;0
5211;1
5212;1
5213;0
5214;0
5215;0
5216;1
5217;0
5218;0
5219;1
5220;1
5221;1
5222;1
5223;1
5224;1
5225;1
5226;0
5227;1
5228;0
5229;1
5230;2
5231;1
5232;0
5233;1
5234;1
5235;0
5236;0
5237;0
5238;0
5239;1
5240;0
5241;2
5242;1
5243;0
5244;2
5245;0
5246;1
5247;0
5248;1
5249;0
5250;1
5251;1
5252;1
5253;0
5254;1
5255;2
5256;0
5257;2
5258;2
5259;0
5260;2
5261;0
5262;1
5263;1
5264;0
5265;0
5266;1
5267;0
5268;0
5269;0
5270;1
5271;1
5272;0
5273;1
5274;0
5275;0
5276;1
5277;0
5278;0
5279;1
5280;2
5281;0
5282;0
5283;0
5284;1
5285;0
5286;1
5287;0
5288;0
5289;0
5290;0
5291;2
5292;1
5293;0
5294;1
5295;2
5296;1
5297;0
5298;2
5299;2
5300;0
5301;1
5302;0
5303;0
5304;0
5305;1
5306;2
5307;0
5308;2
5309;0
5310;2
5311;1
5312;0
5313;1
5314;2
5315;0
5316;1
5317;0
5318;0
5319;1
5320;1
5321;1
5322;1
5323;0
5324;2
5325;0
5326;0
5327;0
5328;0
5329;1
5330;0
5331;0
5332;1
5333;1
5334;0
5335;1
5336;0
5337;0
5338;2
5339;2
5340;0
5341;0
5342;1
5343;0
5344;0
5345;1
5346;0
5347;2
5348;1
5349;2
5350;0
5351;0
5352;0
5353;1
5354;0
5355;0
5356;1
5357;0
5358;1
5359;0
5360;0
5361;1
5362;1
5363;1
5364;0
5365;1
5366;1
5367;0
5368;0
5369;0
5370;0
5371;1
5372;0
5373;1
5374;0
5375;1
5376;1
5377;0
5378;1
5379;1
5380;1
5381;0
5382;1
5383;2
5384;1
5385;1
5386;1
5387;0
5388;1
5389;0
5390;1
5391;1
5392;0
5393;1
5394;0
5395;1
5396;0
5397;2
5398;2
5399;1
5400;0
5401;1
5402;0
5403;1
5404;2
5405;0
5406;1
5407;2
5408;0
5409;0
5410;0
5411;2
5412;1
5413;0
5414;0
5415;0
5416;3
5417;0
5418;2
5419;0
5420;0
5421;0
5422;1
5423;0
5424;2
5425;0
5426;0
5427;1
5428;0
5429;0
5430;1
5431;0
5432;1
5433;1
5434;0
5435;2
5436;0
5437;0
5438;1
5439;0
5440;2
5441;0
5442;2
5443;1
5444;1
5445;0
5446;1
5447;2
5448;1
5449;0
5450;1
5451;1
5452;0
5453;1
5454;1
5455;1
5456;0
5457;1
5458;1
5459;0
5460;0
5461;0
5462;0
5463;0
5464;0
5465;0
5466;0
5467;1
5468;0
5469;1
5470;1
5471;0
5472;1
5473;2
5474;1
5475;1
5476;0
5477;1
5478;2
5479;0
5480;0
5481;0
5482;0
5483;0
5484;1
5485;0
5486;1
5487;0
5488;0
5489;2
5490;2
5491;0
5492;0
5493;2
5494;0
5495;3
5496;0
5497;1
5498;1
5499;2
5500;0
5501;0
5502;1
5503;0
5504;1
5505;0
5506;0
5507;0
5508;3
5509;1
5510;0
5511;2
5512;0
5513;0
5514;0
5515;1
5516;1
5517;2
5518;1
5519;0
5520;0
5521;3
5522;2
5523;1
5524;1
5525;0
5526;0
5527;0
5528;0
5529;0
5530;0
5531;0
5532;0
5533;0
5534;0
5535;0
5536;0
5537;0
5538;1
5539;0
5540;2
5541;1
5542;0
5543;0
5544;1
5545;1
5546;1
5547;1
5548;1
5549;1
5550;1
5551;2
5552;2
5553;1
5554;2
5555;0
5556;0
5557;0
5558;2
5559;2
5560;0
5561;2
5562;0
5563;0
5564;0
5565;0
5566;1
5567;0
5568;0
5569;0
5570;2
5571;1
5572;0
5573;0
5574;2
5575;0
5576;3
5577;1
5578;0
5579;1
5580;0
5581;0
5582;0
5583;0
5584;0
5585;0
5586;0
5587;3
5588;0
5589;1
5590;1
5591;0
5592;0
5593;0
5594;0
5595;0
5596;1
5597;1
5598;0
5599;2
5600;1
5601;0
5602;0
5603;1
5604;2
5605;0
5606;0
5607;2
5608;1
5609;0
5610;2
5611;1
5612;0
5613;1
5614;0
5615;1
5616;0
5617;0
5618;0
5619;0
5620;2
5621;0
5622;0
5623;1
5624;0
5625;0
5626;1
5627;1
5628;0
5629;0
5630;2
5631;2
5632;0
5633;0
5634;0
5635;0
5636;0
5637;1
5638;0
5639;0
5640;0
5641;2
5642;1
5643;1
5644;0
5645;0
5646;2
5647;1
5648;0
5649;0
5650;4
5651;0
5652;2
5653;1
5654;1
5655;1
5656;1
5657;0
5658;0
5659;3
5660;1
5661;2
5662;0
5663;2
5664;1
5665;0
5666;0
5667;1
5668;0
5669;1
5670;1
5671;0
5672;1
5673;0
5674;0
5675;1
5676;1
5677;1
5678;1
5679;1
5680;1
5681;0
5682;0
5683;0
5684;0
5685;1
5686;0
5687;0
5688;0
5689;2
5690;0
5691;0
5692;0
5693;1
5694;0
5695;1
5696;0
5697;1
5698;0
5699;0
5700;0
5701;0
5702;0
5703;0
5704;0
5705;1
5706;0
5707;0
5708;1
5709;0
5710;1
5711;0
5712;1
5713;2
5714;2
5715;1
5716;0
5717;0
5718;0
5719;1
5720;2
5721;2
5722;1
5723;1
5724;1
5725;0
5726;0
5727;2
5728;0
5729;0
5730;1
5731;0
5732;0
5733;0
5734;0
5735;1
5736;0
5737;0
5738;0
5739;2
5740;0
5741;0
5742;0
5743;3
5744;1
5745;0
5746;0
5747;0
5748;0
5749;0
5750;0
5751;1
5752;2
5753;1
5754;1
5755;0
5756;0
5757;0
5758;0
5759;0
5760;0
5761;1
5762;2
5763;1
5764;1
5765;0
5766;1
5767;2
5768;1
5769;0
5770;1
5771;0
5772;0
5773;1
5774;1
5775;0
5776;0
5777;1
5778;0
5779;0
5780;1
5781;3
5782;2
5783;3
5784;0
5785;1
5786;0
5787;2
5788;2
5789;0
5790;1
5791;0
5792;0
5793;1
5794;0
5795;1
5796;1
5797;0
5798;0
5799;0
5800;1
5801;1
5802;0
5803;1
5804;0
5805;0
5806;2
5807;0
5808;0
5809;0
5810;1
5811;1
5812;0
5813;0
5814;1
5815;1
5816;0
5817;0
5818;0
5819;2
5820;1
5821;1
5822;0
5823;2
5824;0
5825;0
5826;3
5827;0
5828;2
5829;0
5830;0
5831;2
5832;0
5833;1
5834;1
5835;0
5836;1
5837;2
5838;0
5839;0
5840;0
5841;0
5842;1
5843;0
5844;0
5845;1
5846;1
5847;0
5848;2
5849;1
5850;0
5851;0
5852;2
5853;1
5854;1
5855;0
5856;0
5857;0
5858;3
5859;2
5860;0
5861;0
5862;1
5863;0
5864;0
5865;1
5866;0
5867;0
5868;0
5869;0
5870;0
5871;1
5872;0
5873;0
5874;0
5875;0
5876;1
5877;0
5878;0
5879;3
5880;1
5881;1
5882;0
5883;1
5884;1
5885;1
5886;1
5887;1
5888;0
5889;0
5890;0
5891;0
5892;2
5893;1
5894;2
5895;1
5896;0
5897;0
5898;0
5899;1
5900;0
5901;0
5902;0
5903;2
5904;0
5905;0
5906;1
5907;1
5908;0
5909;1
5910;0
5911;1
5912;1
5913;1
5914;0
5915;2
5916;0
5917;0
5918;0
5919;1
5920;1
5921;0
5922;0
5923;0
5924;0
5925;1
5926;0
5927;0
5928;0
5929;0
5930;2
5931;1
5932;1
5933;0
5934;2
5935;2
5936;1
5937;0
5938;0
5939;0
5940;0
5941;1
5942;0
5943;0
5944;0
5945;0
5946;2
5947;0
5948;0
5949;4
5950;1
5951;0
5952;0
5953;0
5954;0
5955;0
5956;1
5957;0
5958;0
5959;1
5960;1
5961;0
5962;0
5963;0
5964;2
5965;0
5966;0
5967;0
5968;1
5969;0
5970;0
5971;0
5972;0
5973;2
5974;0
5975;0
5976;0
5977;0
5978;2
5979;1
5980;1
5981;2
5982;0
5983;1
5984;0
5985;1
5986;0
5987;3
5988;1
5989;2
5990;2
5991;0
5992;0
5993;0
5994;0
5995;1
5996;0
5997;0
5998;1
5999;0
6000;2
6001;0
6002;1
6003;0
6004;1
6005;1
6006;0
6007;0
6008;1
6009;0
6010;1
6011;1
6012;3
6013;1
6014;1
6015;0
6016;0
6017;0
6018;0
6019;0
6020;0
6021;0
6022;0
6023;1
6024;0
6025;0
6026;0
6027;1
6028;0
6029;0
6030;1
6031;0
6032;0
6033;1
6034;1
6035;1
6036;0
6037;0
6038;3
6039;1
6040;0
6041;1
6042;0
6043;0
6044;0
6045;1
6046;0
6047;1
6048;0
6049;0
6050;0
6051;1
6052;0
6053;1
6054;0
6055;1
6056;2
6057;1
6058;1
6059;0
6060;0
6061;0
6062;0
6063;0
6064;0
6065;0
6066;0
6067;0
6068;0
6069;0
6070;0
6071;2
6072;0
6073;1
6074;0
6075;1
6076;0
6077;0
6078;1
6079;2
6080;0
6081;0
6082;0
6083;1
6084;0
6085;0
6086;0
6087;0
6088;0
6089;1
6090;0
6091;0
6092;2
6093;0
6094;0
6095;0
6096;1
6097;0
6098;0
6099;2
6100;0
6101;0
6102;1
6103;0
6104;0
6105;0
6106;0
6107;1
6108;1
6109;2
6110;0
6111;0
6112;1
6113;0
6114;1
6115;1
6116;1
6117;1
6118;1
6119;0
6120;0
6121;1
6122;0
6123;3
6124;0
6125;0
6126;1
6127;0
6128;0
6129;2
6130;0
6131;0
6132;1
6133;0
6134;0
6135;2
6136;0
6137;0
6138;1
6139;1
6140;0
6141;2
6142;2
6143;2
6144;0
6145;1
6146;1
6147;0
6148;1
6149;2
6150;1
6151;1
6152;0
6153;3
6154;0
6155;1
6156;2
6157;0
6158;1
6159;0
6160;0
6161;2
6162;1
6163;0
6164;1
6165;1
6166;1
6167;3
6168;1
6169;2
6170;0
6171;0
6172;1
6173;0
6174;0
6175;0
6176;0
6177;1
6178;0
6179;2
6180;0
6181;3
6182;2
6183;2
6184;1
6185;0
6186;0
6187;0
6188;0
6189;0
6190;0
6191;0
6192;1
6193;1
6194;1
6195;0
6196;0
6197;0
6198;0
6199;0
6200;0
6201;0
6202;1
6203;1
6204;0
6205;1
6206;2
6207;1
6208;0
6209;1
6210;1
6211;0
6212;1
6213;0
6214;2
6215;1
6216;2
6217;0
6218;1
6219;1
6220;0
6221;0
6222;0
6223;0
6224;2
6225;0
6226;0
6227;1
6228;0
6229;0
6230;2
6231;0
6232;1
6233;0
6234;2
6235;0
6236;0
6237;0
6238;0
6239;0
6240;2
6241;0
6242;0
6243;1
6244;0
6245;1
6246;0
6247;1
6248;0
6249;0
6250;2
6251;0
6252;0
6253;0
6254;0
6255;0
6256;1
6257;0
6258;0
6259;0
6260;1
6261;1
6262;1
6263;0
6264;1
6265;3
6266;2
6267;0
6268;1
6269;0
6270;0
6271;0
6272;0
6273;0
6274;0
6275;0
6276;0
6277;0
6278;0
6279;0
6280;0
6281;4
6282;1
6283;0
6284;1
6285;0
6286;0
6287;0
6288;0
6289;0
6290;0
6291;0
6292;0
6293;1
6294;1
6295;1
6296;0
6297;1
6298;1
6299;2
6300;3
6301;0
6302;1
6303;0
6304;0
6305;1
6306;1
6307;0
6308;0
6309;0
6310;0
6311;0
6312;1
6313;2
6314;1
6315;0
6316;1
6317;0
6318;0
6319;0
6320;1
6321;1
6322;0
6323;1
6324;0
6325;1
6326;0
6327;0
6328;0
6329;1
6330;0
6331;1
6332;0
6333;1
6334;1
6335;1
6336;3
6337;0
6338;1
6339;1
6340;1
6341;0
6342;0
6343;0
6344;1
6345;0
6346;0
6347;0
6348;1
6349;0
6350;3
6351;1
6352;1
6353;0
6354;1
6355;0
6356;1
6357;0
6358;1
6359;0
6360;1
6361;1
6362;0
6363;0
6364;2
6365;0
6366;0
6367;0
6368;2
6369;0
6370;1
6371;0
6372;1
6373;0
6374;3
6375;1
6376;1
6377;1
6378;0
6379;0
6380;0
6381;0
6382;0
6383;1
6384;1
6385;1
6386;0
6387;0
6388;0
6389;0
6390;0
6391;0
6392;2
6393;0
6394;0
6395;0
6396;0
6397;3
6398;0
6399;0
6400;0
6401;0
6402;0
6403;0
6404;0
6405;0
6406;0
6407;3
6408;1
6409;0
6410;0
6411;0
6412;0
6413;3
6414;0
6415;1
6416;1
6417;2
6418;0
6419;1
6420;1
6421;0
6422;0
6423;1
6424;1
6425;1
6426;0
6427;1
6428;0
6429;0
6430;1
6431;1
6432;1
6433;0
6434;1
6435;1
6436;0
6437;1
6438;0
6439;4
6440;1
6441;2
6442;0
6443;1
6444;0
6445;0
6446;2
6447;0
6448;0
6449;1
6450;0
6451;0
6452;1
6453;0
6454;1
6455;0
6456;1
6457;0
6458;0
6459;0
6460;1
6461;1
6462;0
6463;0
6464;0
6465;0
6466;3
6467;0
6468;0
6469;0
6470;0
6471;2
6472;1
6473;1
6474;0
6475;0
6476;1
6477;0
6478;0
6479;0
6480;0
6481;0
6482;1
6483;2
6484;0
6485;2
6486;0
6487;0
6488;1
6489;1
6490;3
6491;0
6492;0
6493;1
6494;0
6495;0
6496;0
6497;0
6498;2
6499;2
6500;0
6501;2
6502;0
6503;0
6504;2
6505;0
6506;1
6507;0
6508;1
6509;0
6510;1
6511;1
6512;1
6513;1
6514;2
6515;0
6516;0
6517;0
6518;0
6519;0
6520;1
6521;0
6522;1
6523;2
6524;0
6525;0
6526;1
6527;0
6528;1
6529;1
6530;1
6531;0
6532;0
6533;2
6534;1
6535;0
6536;1
6537;0
6538;1
6539;0
6540;0
6541;1
6542;0
6543;0
6544;0
6545;1
6546;0
6547;0
6548;0
6549;0
6550;5
6551;2
6552;0
6553;1
6554;0
6555;0
6556;0
6557;2
6558;0
6559;1
6560;0
6561;0
6562;0
6563;1
6564;1
6565;1
6566;1
6567;0
6568;1
6569;0
6570;0
6571;2
6572;2
6573;1
6574;0
6575;3
6576;1
6577;0
6578;1
6579;1
6580;3
6581;1
6582;0
6583;2
6584;1
6585;1
6586;1
6587;0
6588;0
6589;0
6590;0
6591;0
6592;1
6593;0
6594;0
6595;0
6596;0
6597;1
6598;1
6599;2
6600;1
6601;0
6602;2
6603;2
6604;1
6605;0
6606;1
6607;1
6608;0
6609;0
6610;1
6611;2
6612;1
6613;1
6614;1
6615;0
6616;1
6617;0
6618;3
6619;0
6620;0
6621;1
6622;0
6623;1
6624;1
6625;1
6626;2
6627;1
6628;0
6629;1
6630;2
6631;0
6632;1
6633;0
6634;1
6635;0
6636;1
6637;0
6638;0
6639;0
6640;1
6641;0
6642;0
6643;1
6644;0
6645;0
6646;1
6647;0
6648;0
6649;1
6650;0
6651;1
6652;0
6653;2
6654;0
6655;1
6656;1
6657;1
6658;0
6659;0
6660;0
6661;0
6662;0
6663;0
6664;0
6665;3
6666;0
6667;0
6668;0
6669;1
6670;1
6671;2
6672;0
6673;0
6674;0
6675;1
6676;0
6677;1
6678;1
6679;0
6680;0
6681;0
6682;0
6683;2
6684;0
6685;2
6686;2
6687;1
6688;1
6689;2
6690;0
6691;1
6692;1
6693;0
6694;1
6695;1
6696;1
6697;0
6698;0
6699;1
6700;0
6701;2
6702;0
6703;0
6704;2
6705;1
6706;0
6707;2
6708;0
6709;1
6710;1
6711;0
6712;1
6713;0
6714;1
6715;1
6716;0
6717;0
6718;1
6719;1
6720;1
6721;1
6722;2
6723;1
6724;1
6725;0
6726;1
6727;1
6728;1
6729;0
6730;0
6731;0
6732;2
6733;1
6734;1
6735;0
6736;1
6737;0
6738;1
6739;0
6740;1
6741;1
6742;1
6743;1
6744;1
6745;0
6746;0
6747;0
6748;0
6749;0
6750;1
6751;1
6752;1
6753;0
6754;0
6755;0
6756;0
6757;0
6758;0
6759;1
6760;0
6761;0
6762;0
6763;0
6764;1
6765;0
6766;0
6767;0
6768;0
6769;0
6770;1
6771;1
6772;0
6773;0
6774;1
6775;2
6776;0
6777;0
6778;1
6779;2
6780;1
6781;1
6782;1
6783;1
6784;1
6785;1
6786;0
6787;0
6788;0
6789;0
6790;0
6791;0
6792;1
6793;1
6794;0
6795;0
6796;0
6797;0
6798;0
6799;0
6800;0
6801;2
6802;2
6803;0
6804;1
6805;2
6806;1
6807;1
6808;1
6809;0
6810;0
6811;0
6812;1
6813;1
6814;1
6815;1
6816;0
6817;1
6818;0
6819;1
6820;0
6821;1
6822;2
6823;1
6824;1
6825;0
6826;0
6827;2
6828;0
6829;0
6830;1
6831;0
6832;1
6833;0
6834;0
6835;1
6836;0
6837;0
6838;0
6839;0
6840;0
6841;0
6842;1
6843;0
6844;0
6845;0
6846;0
6847;0
6848;0
6849;0
6850;0
6851;0
6852;0
6853;2
6854;0
6855;1
6856;3
6857;0
6858;0
6859;0
6860;0
6861;2
6862;0
6863;2
6864;0
6865;0
6866;0
6867;0
6868;1
6869;0
6870;0
6871;1
6872;2
6873;0
6874;0
6875;2
6876;2
6877;0
6878;0
6879;1
6880;0
6881;1
6882;3
6883;1
6884;1
6885;1
6886;0
6887;0
6888;0
6889;2
6890;0
6891;0
6892;1
6893;1
6894;1
6895;0
6896;0
6897;5
6898;1
6899;0
6900;2
6901;3
6902;1
6903;0
6904;0
6905;0
6906;0
6907;1
6908;0
6909;0
6910;1
6911;2
6912;1
6913;1
6914;0
6915;0
6916;1
6917;1
6918;0
6919;1
6920;0
6921;1
6922;0
6923;2
6924;0
6925;1
6926;1
6927;1
6928;0
6929;0
6930;0
6931;1
6932;0
6933;1
6934;2
6935;0
6936;2
6937;1
6938;0
6939;1
6940;0
6941;2
6942;2
6943;1
6944;1
6945;0
6946;1
6947;1
6948;0
6949;0
6950;1
6951;1
6952;1
6953;0
6954;0
6955;1
6956;0
6957;1
6958;2
6959;1
6960;0
6961;0
6962;0
6963;2
6964;1
6965;0
6966;2
6967;0
6968;1
6969;0
6970;2
6971;2
6972;1
6973;1
6974;1
6975;2
6976;1
6977;0
6978;1
6979;0
6980;1
6981;1
6982;0
6983;1
6984;1
6985;0
6986;0
6987;2
6988;0
6989;0
6990;0
6991;1
6992;0
6993;0
6994;2
6995;1
6996;0
6997;0
6998;0
6999;0
7000;0
7001;1
7002;0
7003;0
7004;0
7005;0
7006;1
7007;1
7008;2
7009;1
7010;0
7011;1
7012;0
7013;0
7014;1
7015;0
7016;1
7017;3
7018;1
7019;0
7020;0
7021;0
7022;0
7023;0
7024;0
7025;2
7026;1
7027;0
7028;0
7029;1
7030;0
7031;0
7032;2
7033;0
7034;1
7035;1
7036;1
7037;0
7038;1
7039;1
7040;0
7041;0
7042;2
7043;0
7044;0
7045;0
7046;1
7047;1
7048;1
7049;1
7050;0
7051;2
7052;1
7053;0
7054;0
7055;0
7056;0
7057;3
7058;0
7059;2
7060;0
7061;1
7062;0
7063;0
7064;0
7065;1
7066;0
7067;0
7068;0
7069;0
7070;2
7071;0
7072;1
7073;1
7074;1
7075;1
7076;1
7077;0
7078;0
7079;0
7080;3
7081;1
7082;1
7083;2
7084;0
7085;0
7086;1
7087;1
7088;1
7089;0
7090;0
7091;1
7092;0
7093;1
7094;0
7095;3
7096;0
7097;0
7098;0
7099;0
7100;1
7101;1
7102;1
7103;0
7104;1
7105;0
7106;0
7107;0
7108;0
7109;0
7110;1
7111;0
7112;0
7113;0
7114;2
7115;1
7116;0
7117;1
7118;1
7119;0
7120;0
7121;0
7122;2
7123;1
7124;1
7125;2
7126;1
7127;1
7128;0
7129;0
7130;1
7131;1
7132;1
7133;1
7134;0
7135;1
7136;3
7137;0
7138;0
7139;1
7140;1
7141;1
7142;1
7143;0
7144;0
7145;0
7146;1
7147;1
7148;0
7149;0
7150;1
7151;1
7152;0
7153;0
7154;0
7155;1
7156;3
7157;1
7158;0
7159;2
7160;0
7161;1
7162;2
7163;1
7164;2
7165;2
7166;0
7167;0
7168;0
7169;1
7170;2
7171;0
7172;1
7173;0
7174;0
7175;0
7176;2
7177;0
7178;1
7179;1
7180;0
7181;0
7182;2
7183;0
7184;0
7185;0
7186;2
7187;1
7188;0
7189;1
7190;1
7191;4
7192;0
7193;0
7194;1
7195;2
7196;0
7197;0
7198;0
7199;1
7200;1
7201;1
7202;0
7203;0
7204;1
7205;0
7206;1
7207;0
7208;1
7209;0
7210;0
7211;0
7212;0
7213;1
7214;1
7215;1
7216;1
7217;2
7218;1
7219;1
7220;0
7221;0
7222;0
7223;0
7224;1
7225;0
7226;0
7227;1
7228;0
7229;2
7230;2
7231;0
7232;0
7233;0
7234;0
7235;1
7236;1
7237;1
7238;0
7239;1
7240;1
7241;0
7242;1
7243;1
7244;1
7245;0
7246;0
7247;1
7248;0
7249;1
7250;2
7251;0
7252;0
7253;1
7254;0
7255;1
7256;0
7257;0
7258;0
7259;1
7260;0
7261;0
7262;0
7263;0
7264;0
7265;1
7266;1
7267;0
7268;0
7269;0
7270;0
7271;1
7272;0
7273;1
7274;1
7275;3
7276;2
7277;0
7278;1
7279;0
7280;0
7281;1
7282;0
7283;0
7284;0
7285;0
7286;0
7287;0
7288;0
7289;1
7290;1
7291;1
7292;0
7293;0
7294;0
7295;0
7296;0
7297;0
7298;0
7299;1
7300;1
7301;0
7302;0
7303;0
7304;0
7305;1
7306;1
7307;0
7308;1
7309;1
7310;0
7311;1
7312;1
7313;1
7314;1
7315;1
7316;0
7317;0
7318;0
7319;1
7320;1
7321;1
7322;0
7323;1
7324;1
7325;0
7326;0
7327;1
7328;0
7329;0
7330;0
7331;0
7332;1
7333;0
7334;0
7335;0
7336;2
7337;0
7338;0
7339;1
7340;1
7341;1
7342;0
7343;0
7344;1
7345;0
7346;2
7347;1
7348;0
7349;1
7350;0
7351;0
7352;1
7353;1
7354;0
7355;0
7356;0
7357;0
7358;1
7359;1
7360;0
7361;0
7362;1
7363;0
7364;0
7365;0
7366;0
7367;0
7368;1
7369;0
7370;0
7371;1
7372;0
7373;0
7374;1
7375;1
7376;2
7377;0
7378;1
7379;2
7380;2
7381;1
7382;0
7383;0
7384;2
7385;0
7386;1
7387;0
7388;0
7389;2
7390;0
7391;0
7392;1
7393;0
7394;1
7395;3
7396;0
7397;0
7398;0
7399;0
7400;3
7401;0
7402;1
7403;0
7404;0
7405;1
7406;0
7407;1
7408;0
7409;2
7410;1
7411;0
7412;2
7413;0
7414;1
7415;1
7416;0
7417;0
7418;1
7419;0
7420;0
7421;1
7422;0
7423;1
7424;3
7425;1
7426;1
7427;0
7428;1
7429;0
7430;1
7431;0
7432;0
7433;0
7434;1
7435;2
7436;0
7437;2
7438;0
7439;0
7440;0
7441;0
7442;0
7443;0
7444;0
7445;1
7446;1
7447;1
7448;0
7449;3
7450;1
7451;1
7452;2
7453;2
7454;1
7455;1
7456;0
7457;0
7458;0
7459;1
7460;1
7461;0
7462;0
7463;0
7464;2
7465;2
7466;0
7467;0
7468;1
7469;1
7470;0
7471;0
7472;0
7473;3
7474;0
7475;0
7476;0
7477;2
7478;0
7479;1
7480;0
7481;0
7482;3
7483;0
7484;1
7485;2
7486;0
7487;0
7488;0
7489;0
7490;0
7491;0
7492;1
7493;2
7494;0
7495;3
7496;0
7497;0
7498;0
7499;1
7500;0
7501;0
7502;0
7503;0
7504;0
7505;0
7506;0
7507;1
7508;0
7509;1
7510;1
7511;0
7512;0
7513;0
7514;0
7515;0
7516;2
7517;1
7518;0
7519;0
7520;2
7521;0
7522;1
7523;1
7524;3
7525;1
7526;1
7527;0
7528;1
7529;0
7530;1
7531;0
7532;1
7533;1
7534;1
7535;1
7536;1
7537;2
7538;1
7539;1
7540;0
7541;0
7542;1
7543;2
7544;0
7545;0
7546;1
7547;1
7548;0
7549;0
7550;0
7551;0
7552;0
7553;1
7554;0
7555;0
7556;0
7557;0
7558;1
7559;0
7560;1
7561;0
7562;1
7563;0
7564;1
7565;1
7566;1
7567;1
7568;0
7569;1
7570;1
7571;0
7572;0
7573;0
7574;0
7575;0
7576;0
7577;1
7578;0
7579;1
7580;2
7581;0
7582;0
7583;0
7584;1
7585;0
7586;0
7587;2
7588;0
7589;0
7590;1
7591;0
7592;1
7593;1
7594;0
7595;1
7596;1
7597;0
7598;0
7599;0
7600;1
7601;1
7602;0
7603;0
7604;1
7605;1
7606;0
7607;0
7608;3
7609;1
7610;1
7611;0
7612;1
7613;0
7614;1
7615;1
7616;1
7617;0
7618;0
7619;3
7620;0
7621;1
7622;0
7623;0
7624;1
7625;0
7626;1
7627;0
7628;1
7629;2
7630;1
7631;1
7632;0
7633;0
7634;0
7635;0
7636;0
7637;0
7638;1
7639;1
7640;0
7641;0
7642;2
7643;2
7644;0
7645;0
7646;1
7647;1
7648;0
7649;1
7650;1
7651;1
7652;1
7653;1
7654;0
7655;1
7656;0
7657;1
7658;1
7659;0
7660;0
7661;2
7662;0
7663;1
7664;0
7665;0
7666;0
7667;1
7668;0
7669;0
7670;1
7671;1
7672;4
7673;1
7674;0
7675;1
7676;1
7677;0
7678;0
7679;1
7680;0
7681;0
7682;0
7683;1
7684;0
7685;0
7686;2
7687;0
7688;0
7689;0
7690;0
7691;0
7692;1
7693;3
7694;0
7695;0
7696;1
7697;0
7698;0
7699;1
7700;1
7701;1
7702;0
7703;0
7704;0
7705;1
7706;0
7707;0
7708;0
7709;0
7710;1
7711;0
7712;0
7713;0
7714;1
7715;1
7716;1
7717;1
7718;3
7719;1
7720;1
7721;1
7722;1
7723;0
7724;2
7725;1
7726;2
7727;0
7728;0
7729;0
7730;1
7731;0
7732;0
7733;0
7734;0
7735;0
7736;1
7737;3
7738;0
7739;1
7740;1
7741;0
7742;1
7743;0
7744;0
7745;0
7746;2
7747;2
7748;1
7749;1
7750;1
7751;0
7752;3
7753;2
7754;1
7755;0
7756;0
7757;1
7758;0
7759;1
7760;0
7761;1
7762;2
7763;1
7764;0
7765;1
7766;0
7767;1
7768;1
7769;1
7770;1
7771;0
7772;0
7773;0
7774;1
7775;1
7776;0
7777;1
7778;2
7779;0
7780;0
7781;0
7782;1
7783;0
7784;2
7785;0
7786;0
7787;1
7788;0
7789;1
7790;1
7791;0
7792;0
7793;0
7794;0
7795;0
7796;0
7797;2
7798;0
7799;0
7800;1
7801;1
7802;0
7803;0
7804;0
7805;0
7806;0
7807;0
7808;1
7809;0
7810;1
7811;0
7812;0
7813;0
7814;2
7815;0
7816;4
7817;0
7818;0
7819;0
7820;0
7821;0
7822;3
7823;0
7824;1
7825;1
7826;1
7827;1
7828;1
7829;1
7830;0
7831;0
7832;0
7833;1
7834;0
7835;0
7836;0
7837;0
7838;0
7839;0
7840;2
7841;0
7842;1
7843;1
7844;0
7845;1
7846;0
7847;0
7848;0
7849;0
7850;0
7851;0
7852;0
7853;1
7854;0
7855;0
7856;1
7857;1
7858;0
7859;0
7860;0
7861;0
7862;0
7863;1
7864;0
7865;1
7866;2
7867;3
7868;1
7869;0
7870;1
7871;0
7872;0
7873;0
7874;1
7875;1
7876;1
7877;1
7878;0
7879;0
7880;1
7881;2
7882;0
7883;2
7884;0
7885;0
7886;2
7887;1
7888;0
7889;0
7890;0
7891;0
7892;0
7893;0
7894;0
7895;2
7896;0
7897;0
7898;0
7899;0
7900;2
7901;1
7902;2
7903;0
7904;0
7905;3
7906;1
7907;1
7908;0
7909;1
7910;0
7911;0
7912;1
7913;0
7914;0
7915;0
7916;0
7917;1
7918;1
7919;1
7920;0
7921;1
7922;0
7923;0
7924;0
7925;1
7926;0
7927;0
7928;0
7929;0
7930;1
7931;0
7932;1
7933;0
7934;1
7935;0
7936;1
7937;1
7938;2
7939;0
7940;0
7941;0
7942;0
7943;0
7944;0
7945;1
7946;1
7947;0
7948;1
7949;3
7950;1
7951;1
7952;1
7953;0
7954;0
7955;0
7956;0
7957;2
7958;1
7959;2
7960;1
7961;0
7962;0
7963;1
7964;0
7965;0
7966;1
7967;1
7968;1
7969;1
7970;0
7971;1
7972;0
7973;1
7974;0
7975;0
7976;0
7977;0
7978;1
7979;0
7980;2
7981;1
7982;0
7983;0
7984;1
7985;0
7986;0
7987;2
7988;0
7989;2
7990;1
7991;2
7992;0
7993;0
7994;0
7995;0
7996;0
7997;0
7998;1
7999;0
8000;1
8001;1
8002;1
8003;1
8004;0
8005;0
8006;3
8007;0
8008;1
8009;0
8010;0
8011;0
8012;1
8013;0
8014;0
8015;0
8016;1
8017;0
8018;3
8019;0
8020;0
8021;1
8022;1
8023;0
8024;0
8025;1
8026;3
8027;1
8028;0
8029;2
8030;0
8031;0
8032;1
8033;1
8034;1
8035;2
8036;0
8037;0
8038;1
8039;0
8040;1
8041;0
8042;0
8043;1
8044;1
8045;0
8046;1
8047;1
8048;1
8049;0
8050;1
8051;1
8052;1
8053;1
8054;0
8055;1
8056;0
8057;1
8058;1
8059;2
8060;0
8061;1
8062;0
8063;0
8064;0
8065;0
8066;0
8067;1
8068;0
8069;0
8070;0
8071;0
8072;0
8073;0
8074;0
8075;1
8076;0
8077;0
8078;1
8079;1
8080;0
8081;0
8082;0
8083;1
8084;0
8085;0
8086;1
8087;1
8088;1
8089;0
8090;1
8091;0
8092;0
8093;2
8094;1
8095;1
8096;1
8097;0
8098;1
8099;0
8100;1
8101;0
8102;2
8103;1
8104;0
8105;1
8106;1
8107;0
8108;0
8109;0
8110;1
8111;1
8112;0
8113;0
8114;4
8115;2
8116;1
8117;0
8118;2
8119;1
8120;1
8121;0
8122;0
8123;0
8124;0
8125;0
8126;0
8127;0
8128;1
8129;0
8130;1
8131;0
8132;1
8133;0
8134;0
8135;1
8136;1
8137;1
8138;1
8139;0
8140;0
8141;1
8142;0
8143;0
8144;2
8145;0
8146;1
8147;2
8148;0
8149;0
8150;1
8151;1
8152;0
8153;1
8154;1
8155;0
8156;1
8157;1
8158;0
8159;1
8160;0
8161;1
8162;1
8163;0
8164;1
8165;0
8166;1
8167;0
8168;1
8169;1
8170;0
8171;0
8172;1
8173;1
8174;0
8175;1
8176;0
8177;0
8178;0
8179;3
8180;1
8181;2
8182;1
8183;1
8184;1
8185;2
8186;0
8187;0
8188;2
8189;0
8190;0
8191;3
8192;1
8193;0
8194;0
8195;0
8196;1
8197;0
8198;0
8199;0
8200;1
8201;1
8202;0
8203;0
8204;1
8205;0
8206;0
8207;0
8208;0
8209;0
8210;0
8211;0
8212;0
8213;1
8214;0
8215;1
8216;0
8217;0
8218;2
8219;1
8220;0
8221;0
8222;0
8223;0
8224;0
8225;1
8226;1
8227;0
8228;0
8229;1
8230;2
8231;0
8232;2
8233;0
8234;0
8235;1
8236;1
8237;0
8238;1
8239;0
8240;0
8241;1
8242;1
8243;1
8244;0
8245;0
8246;1
8247;0
8248;0
8249;0
8250;0
8251;0
8252;0
8253;1
8254;0
8255;1
8256;0
8257;1
8258;0
8259;0
8260;0
8261;0
8262;0
8263;1
8264;0
8265;0
8266;1
8267;1
8268;0
8269;1
8270;0
8271;3
8272;1
8273;1
8274;0
8275;1
8276;0
8277;1
8278;0
8279;2
8280;0
8281;2
8282;1
8283;0
8284;2
8285;2
8286;0
8287;1
8288;0
8289;0
8290;0
8291;2
8292;0
8293;0
8294;0
8295;0
8296;0
8297;1
8298;0
8299;1
8300;0
8301;0
8302;2
8303;0
8304;0
8305;0
8306;0
8307;0
8308;1
8309;1
8310;1
8311;0
8312;0
8313;1
8314;1
8315;2
8316;0
8317;0
8318;0
8319;0
8320;1
8321;0
8322;4
8323;1
8324;0
8325;0
8326;2
8327;0
8328;0
8329;2
8330;0
8331;0
8332;0
8333;2
8334;2
8335;0
8336;0
8337;0
8338;0
8339;0
8340;0
8341;0
8342;0
8343;0
8344;1
8345;0
8346;0
8347;1
8348;0
8349;0
8350;0
8351;0
8352;0
8353;1
8354;0
8355;1
8356;0
8357;1
8358;0
8359;1
8360;0
8361;0
8362;2
8363;0
8364;0
8365;0
8366;0
8367;0
8368;0
8369;1
8370;2
8371;1
8372;0
8373;1
8374;1
8375;1
8376;0
8377;1
8378;0
8379;0
8380;0
8381;0
8382;0
8383;0
8384;1
8385;1
8386;1
8387;0
8388;0
8389;2
8390;2
8391;2
8392;0
8393;0
8394;0
8395;0
8396;0
8397;0
8398;0
8399;2
8400;1
8401;2
8402;1
8403;1
8404;0
8405;0
8406;1
8407;0
8408;2
8409;2
8410;0
8411;0
8412;0
8413;0
8414;0
8415;1
8416;0
8417;0
8418;0
8419;0
8420;1
8421;0
8422;2
8423;0
8424;1
8425;1
8426;0
8427;1
8428;1
8429;0
8430;1
8431;1
8432;1
8433;0
8434;0
8435;1
8436;1
8437;0
8438;1
8439;0
8440;0
8441;1
8442;0
8443;0
8444;1
8445;0
8446;0
8447;1
8448;1
8449;0
8450;0
8451;1
8452;2
8453;0
8454;1
8455;1
8456;1
8457;1
8458;0
8459;0
8460;0
8461;0
8462;1
8463;1
8464;0
8465;1
8466;0
8467;2
8468;1
8469;0
8470;0
8471;1
8472;0
8473;0
8474;0
8475;0
8476;0
8477;1
8478;1
8479;0
8480;0
8481;0
8482;1
8483;2
8484;2
8485;0
8486;4
8487;0
8488;1
8489;0
8490;0
8491;0
8492;1
8493;1
8494;2
8495;0
8496;0
8497;0
8498;0
8499;0
8500;2
8501;1
8502;1
8503;2
8504;0
8505;1
8506;0
8507;2
8508;1
8509;0
8510;1
8511;0
8512;0
8513;0
8514;0
8515;1
8516;0
8517;0
8518;0
8519;0
8520;1
8521;1
8522;1
8523;1
8524;0
8525;1
8526;0
8527;0
8528;1
8529;1
8530;0
8531;2
8532;1
8533;0
8534;0
8535;0
8536;0
8537;2
8538;0
8539;0
8540;0
8541;0
8542;0
8543;0
8544;1
8545;1
8546;0
8547;0
8548;1
8549;0
8550;1
8551;0
8552;1
8553;0
8554;0
8555;0
8556;1
8557;0
8558;0
8559;3
8560;1
8561;0
8562;2
8563;1
8564;2
8565;0
8566;1
8567;0
8568;0
8569;0
8570;0
8571;1
8572;0
8573;0
8574;0
8575;1
8576;1
8577;0
8578;0
8579;2
8580;1
8581;1
8582;0
8583;0
8584;0
8585;1
8586;1
8587;0
8588;1
8589;1
8590;0
8591;1
8592;0
8593;1
8594;1
8595;1
8596;0
8597;0
8598;0
8599;2
8600;2
8601;0
8602;0
8603;0
8604;0
8605;0
8606;1
8607;1
8608;1
8609;0
8610;1
8611;0
8612;0
8613;0
8614;1
8615;1
8616;0
8617;0
8618;2
8619;1
8620;0
8621;0
8622;0
8623;2
8624;1
8625;1
8626;0
8627;0
8628;0
8629;1
8630;0
8631;0
8632;2
8633;0
8634;1
8635;0
8636;0
8637;0
8638;0
8639;0
8640;1
8641;1
8642;0
8643;1
8644;0
8645;0
8646;1
8647;1
8648;0
8649;2
8650;0
8651;1
8652;0
8653;1
8654;2
8655;0
8656;3
8657;0
8658;0
8659;3
8660;0
8661;2
8662;0
8663;1
8664;3
8665;0
8666;0
8667;0
8668;1
8669;0
8670;1
8671;0
8672;1
8673;0
8674;0
8675;1
8676;0
8677;0
8678;0
8679;0
8680;1
8681;0
8682;0
8683;0
8684;1
8685;0
8686;1
8687;4
8688;2
8689;0
8690;0
8691;0
8692;0
8693;0
8694;2
8695;1
8696;1
8697;1
8698;1
8699;1
8700;0
8701;0
8702;0
8703;1
8704;0
8705;1
8706;1
8707;0
8708;1
8709;0
8710;0
8711;1
8712;0
8713;2
8714;0
8715;1
8716;0
8717;0
8718;0
8719;2
8720;1
8721;0
8722;0
8723;1
8724;2
8725;0
8726;1
8727;1
8728;0
8729;1
8730;1
8731;0
8732;1
8733;0
8734;1
8735;0
8736;0
8737;0
8738;1
8739;0
8740;1
8741;0
8742;0
8743;0
8744;0
8745;1
8746;1
8747;1
8748;0
8749;1
8750;2
8751;0
8752;2
8753;0
8754;1
8755;1
8756;1
8757;1
8758;1
8759;0
8760;1
8761;0
8762;0
8763;0
8764;0
8765;0
8766;0
8767;0
8768;0
8769;0
8770;2
8771;0
8772;0
8773;0
8774;1
8775;0
8776;0
8777;1
8778;0
8779;0
8780;0
8781;2
8782;0
8783;0
8784;1
8785;2
8786;1
8787;1
8788;0
8789;0
8790;1
8791;1
8792;1
8793;1
8794;0
8795;0
8796;0
8797;0
8798;2
8799;1
8800;0
8801;0
8802;0
8803;1
8804;0
8805;0
8806;0
8807;1
8808;0
8809;0
8810;4
8811;0
8812;1
8813;1
8814;1
8815;1
8816;0
8817;1
8818;0
8819;1
8820;0
8821;0
8822;0
8823;1
8824;1
8825;0
8826;0
8827;0
8828;0
8829;0
8830;1
8831;2
8832;0
8833;1
8834;0
8835;0
8836;1
8837;0
8838;0
8839;0
8840;1
8841;0
8842;3
8843;0
8844;0
8845;2
8846;0
8847;1
8848;0
8849;1
8850;2
8851;0
8852;0
8853;0
8854;0
8855;0
8856;0
8857;1
8858;0
8859;0
8860;1
8861;1
8862;0
8863;1
8864;0
8865;1
8866;1
8867;0
8868;1
8869;0
8870;1
8871;0
8872;0
8873;2
8874;0
8875;2
8876;0
8877;1
8878;0
8879;0
8880;0
8881;2
8882;1
8883;1
8884;0
8885;2
8886;1
8887;0
8888;0
8889;0
8890;0
8891;1
8892;1
8893;1
8894;1
8895;0
8896;1
8897;0
8898;1
8899;0
8900;0
8901;0
8902;1
8903;2
8904;1
8905;0
8906;2
8907;1
8908;3
8909;0
8910;1
8911;0
8912;0
8913;0
8914;0
8915;1
8916;0
8917;0
8918;0
8919;0
8920;1
8921;0
8922;0
8923;1
8924;1
8925;0
8926;0
8927;1
8928;1
8929;1
8930;2
8931;0
8932;1
8933;1
8934;3
8935;1
8936;0
8937;1
8938;0
8939;1
8940;0
8941;1
8942;1
8943;0
8944;2
8945;1
8946;0
8947;0
8948;1
8949;1
8950;0
8951;2
8952;1
8953;2
8954;2
8955;1
8956;1
8957;0
8958;0
8959;0
8960;0
8961;0
8962;0
8963;1
8964;0
8965;1
8966;1
8967;0
8968;0
8969;0
8970;1
8971;0
8972;2
8973;0
8974;0
8975;1
8976;2
8977;0
8978;1
8979;1
8980;2
8981;0
8982;0
8983;0
8984;1
8985;1
8986;0
8987;1
8988;0
8989;0
8990;0
8991;1
8992;3
8993;1
8994;0
8995;0
8996;1
8997;1
8998;1
8999;1
9000;2
9001;0
9002;0
9003;1
9004;0
9005;2
9006;2
9007;1
9008;2
9009;1
9010;0
9011;1
9012;0
9013;0
9014;0
9015;0
9016;0
9017;1
9018;0
9019;1
9020;0
9021;0
9022;0
9023;2
9024;1
9025;1
9026;0
9027;0
9028;0
9029;0
9030;0
9031;2
9032;0
9033;0
9034;0
9035;2
9036;2
9037;0
9038;1
9039;0
9040;0
9041;2
9042;0
9043;2
9044;1
9045;0
9046;0
9047;1
9048;0
9049;1
9050;1
9051;0
9052;1
9053;1
9054;0
9055;0
9056;0
9057;1
9058;0
9059;2
9060;1
9061;1
9062;1
9063;0
9064;1
9065;0
9066;0
9067;0
9068;1
9069;1
9070;0
9071;2
9072;0
9073;2
9074;1
9075;0
9076;0
9077;0
9078;2
9079;0
9080;1
9081;1
9082;1
9083;0
9084;1
9085;0
9086;1
9087;2
9088;2
9089;1
9090;1
9091;3
9092;1
9093;0
9094;1
9095;0
9096;0
9097;0
9098;1
9099;0
9100;0
9101;0
9102;0
9103;1
9104;1
9105;1
9106;0
9107;0
9108;0
9109;0
9110;2
9111;0
9112;0
9113;0
9114;0
9115;0
9116;1
9117;0
9118;0
9119;0
9120;1
9121;0
9122;1
9123;1
9124;0
9125;0
9126;0
9127;1
9128;0
9129;0
9130;1
9131;0
9132;1
9133;0
9134;1
9135;1
9136;1
9137;0
9138;1
9139;2
9140;1
9141;2
9142;0
9143;0
9144;0
9145;1
9146;0
9147;1
9148;0
9149;1
9150;1
9151;0
9152;1
9153;1
9154;0
9155;0
9156;0
9157;2
9158;2
9159;1
9160;0
9161;0
9162;1
9163;0
9164;0
9165;0
9166;1
9167;1
9168;1
9169;1
9170;1
9171;0
9172;1
9173;3
9174;0
9175;0
9176;1
9177;0
9178;1
9179;2
9180;0
9181;0
9182;0
9183;0
9184;0
9185;1
9186;0
9187;0
9188;1
9189;0
9190;0
9191;1
9192;1
9193;1
9194;1
9195;0
9196;1
9197;2
9198;0
9199;0
9200;1
9201;0
9202;0
9203;0
9204;0
9205;0
9206;0
9207;1
9208;3
9209;0
9210;2
9211;0
9212;1
9213;0
9214;1
9215;2
9216;0
9217;0
9218;1
9219;0
9220;2
9221;0
9222;1
9223;0
9224;2
9225;0
9226;1
9227;2
9228;2
9229;1
9230;1
9231;1
9232;0
9233;0
9234;1
9235;2
9236;0
9237;1
9238;1
9239;1
9240;1
9241;0
9242;0
9243;1
9244;1
9245;1
9246;1
9247;0
9248;1
9249;1
9250;0
9251;1
9252;1
9253;1
9254;0
9255;1
9256;1
9257;0
9258;1
9259;2
9260;0
9261;1
9262;0
9263;1
9264;0
9265;0
9266;0
9267;0
9268;1
9269;0
9270;1
9271;2
9272;0
9273;1
9274;0
9275;1
9276;0
9277;2
9278;0
9279;0
9280;0
9281;0
9282;0
9283;0
9284;2
9285;0
9286;0
9287;0
9288;0
9289;0
9290;0
9291;1
9292;0
9293;0
9294;2
9295;2
9296;0
9297;1
9298;1
9299;1
9300;0
9301;0
9302;2
9303;1
9304;0
9305;0
9306;0
9307;1
9308;0
9309;0
9310;1
9311;0
9312;0
9313;0
9314;0
9315;0
9316;0
9317;0
9318;0
9319;1
9320;1
9321;0
9322;1
9323;0
9324;1
9325;0
9326;1
9327;0
9328;0
9329;0
9330;1
9331;0
9332;0
9333;0
9334;1
9335;0
9336;0
9337;0
9338;0
9339;0
9340;1
9341;0
9342;0
9343;0
9344;0
9345;1
9346;2
9347;0
9348;0
9349;0
9350;0
9351;0
9352;1
9353;0
9354;2
9355;1
9356;1
9357;0
9358;1
9359;0
9360;2
9361;1
9362;1
9363;0
9364;0
9365;1
9366;0
9367;0
9368;2
9369;1
9370;1
9371;1
9372;0
9373;1
9374;0
9375;0
9376;2
9377;0
9378;2
9379;1
9380;0
9381;0
9382;0
9383;1
9384;1
9385;0
9386;0
9387;0
9388;0
9389;0
9390;0
9391;0
9392;0
9393;0
9394;2
9395;0
9396;1
9397;0
9398;0
9399;0
9400;1
9401;0
9402;0
9403;0
9404;0
9405;0
9406;1
9407;0
9408;2
9409;1
9410;1
9411;0
9412;1
9413;0
9414;0
9415;3
9416;1
9417;0
9418;2
9419;0
9420;0
9421;0
9422;0
9423;0
9424;0
9425;1
9426;0
9427;0
9428;3
9429;1
9430;0
9431;1
9432;0
9433;0
9434;0
9435;0
9436;1
9437;0
9438;1
9439;2
9440;0
9441;0
9442;0
9443;0
9444;2
9445;0
9446;0
9447;1
9448;0
9449;0
9450;0
9451;0
9452;0
9453;0
9454;2
9455;1
9456;0
9457;0
9458;0
9459;0
9460;2
9461;0
9462;0
9463;1
9464;0
9465;1
9466;0
9467;0
9468;0
9469;0
9470;1
9471;2
9472;0
9473;0
9474;2
9475;2
9476;0
9477;0
9478;0
9479;1
9480;2
9481;0
9482;1
9483;0
9484;1
9485;0
9486;1
9487;0
9488;0
9489;1
9490;0
9491;2
9492;0
9493;0
9494;0
9495;4
9496;0
9497;3
9498;0
9499;0
9500;0
9501;2
9502;0
9503;1
9504;0
9505;0
9506;1
9507;3
9508;1
9509;0
9510;2
9511;2
9512;0
9513;1
9514;0
9515;0
9516;1
9517;2
9518;1
9519;2
9520;1
9521;1
9522;0
9523;0
9524;1
9525;0
9526;1
9527;0
9528;1
9529;1
9530;3
9531;1
9532;1
9533;1
9534;1
9535;0
9536;0
9537;0
9538;2
9539;1
9540;1
9541;1
9542;0
9543;0
9544;1
9545;0
9546;0
9547;1
9548;1
9549;1
9550;1
9551;0
9552;0
9553;3
9554;2
9555;1
9556;0
9557;1
9558;2
9559;0
9560;0
9561;0
9562;1
9563;0
9564;0
9565;0
9566;0
9567;1
9568;0
9569;0
9570;1
9571;3
9572;2
9573;0
9574;0
9575;0
9576;1
9577;1
9578;1
9579;0
9580;1
9581;1
9582;1
9583;0
9584;1
9585;0
9586;0
9587;0
9588;0
9589;0
9590;0
9591;2
9592;2
9593;0
9594;0
9595;1
9596;1
9597;1
9598;0
9599;0
9600;2
9601;1
9602;0
9603;0
9604;0
9605;1
9606;0
9607;0
9608;0
9609;0
9610;2
9611;0
9612;0
9613;0
9614;0
9615;0
9616;0
9617;1
9618;0
9619;0
9620;1
9621;0
9622;0
9623;4
9624;1
9625;0
9626;0
9627;1
9628;0
9629;3
9630;1
9631;0
9632;0
9633;0
9634;2
9635;1
9636;0
9637;1
9638;0
9639;0
9640;0
9641;1
9642;2
9643;1
9644;0
9645;0
9646;1
9647;0
9648;2
9649;0
9650;4
9651;0
9652;1
9653;1
9654;1
9655;1
9656;0
9657;0
9658;0
9659;1
9660;1
9661;0
9662;1
9663;1
9664;0
9665;2
9666;0
9667;1
9668;0
9669;0
9670;0
9671;0
9672;0
9673;1
9674;0
9675;0
9676;0
9677;0
9678;0
9679;0
9680;0
9681;0
9682;0
9683;1
9684;0
9685;1
9686;1
9687;1
9688;0
9689;0
9690;2
9691;1
9692;1
9693;1
9694;0
9695;0
9696;0
9697;0
9698;1
9699;1
9700;1
9701;0
9702;0
9703;0
9704;2
9705;1
9706;3
9707;1
9708;0
9709;1
9710;0
9711;3
9712;2
9713;0
9714;0
9715;0
9716;0
9717;0
9718;0
9719;0
9720;0
9721;2
9722;0
9723;0
9724;0
9725;2
9726;1
9727;0
9728;1
9729;0
9730;1
9731;1
9732;0
9733;0
9734;0
9735;0
9736;0
9737;0
9738;1
9739;0
9740;0
9741;1
9742;0
9743;1
9744;0
9745;0
9746;1
9747;0
9748;2
9749;0
9750;1
9751;0
9752;0
9753;2
9754;0
9755;0
9756;0
9757;0
9758;0
9759;1
9760;1
9761;1
9762;0
9763;1
9764;0
9765;0
9766;1
9767;1
9768;0
9769;0
9770;0
9771;0
9772;1
9773;1
9774;0
9775;0
9776;0
9777;0
9778;3
9779;1
9780;1
9781;2
9782;2
9783;1
9784;0
9785;3
9786;0
9787;0
9788;0
9789;0
9790;2
9791;0
9792;0
9793;0
9794;1
9795;0
9796;0
9797;1
9798;1
9799;3
9800;1
9801;0
9802;0
9803;1
9804;0
9805;0
9806;2
9807;0
9808;0
9809;0
9810;0
9811;1
9812;0
9813;0
9814;0
9815;2
9816;2
9817;1
9818;0
9819;1
9820;2
9821;0
9822;0
9823;1
9824;0
9825;0
9826;1
9827;0
9828;0
9829;1
9830;0
9831;0
9832;1
9833;1
9834;1
9835;0
9836;0
9837;1
9838;0
9839;0
9840;1
9841;1
9842;0
9843;2
9844;0
9845;1
9846;0
9847;0
9848;0
9849;1
9850;0
9851;1
9852;2
9853;1
9854;0
9855;1
9856;1
9857;2
9858;0
9859;0
9860;2
9861;1
9862;0
9863;0
9864;2
9865;0
9866;0
9867;0
9868;0
9869;0
9870;0
9871;0
9872;0
9873;0
9874;0
9875;0
9876;1
9877;0
9878;0
9879;1
9880;0
9881;0
9882;0
9883;1
9884;1
9885;0
9886;1
9887;1
9888;0
9889;0
9890;1
9891;1
9892;0
9893;2
9894;0
9895;1
9896;1
9897;0
9898;0
9899;0
9900;0
9901;0
9902;0
9903;2
9904;0
9905;0
9906;1
9907;0
9908;0
9909;0
9910;0
9911;2
9912;0
9913;1
9914;0
9915;0
9916;0
9917;0
9918;1
9919;0
9920;1
9921;1
9922;1
9923;0
9924;3
9925;0
9926;0
9927;0
9928;1
9929;0
9930;0
9931;1
9932;0
9933;0
9934;0
9935;1
9936;2
9937;1
9938;0
9939;1
9940;1
9941;0
9942;0
9943;0
9944;1
9945;1
9946;2
9947;2
9948;0
9949;0
9950;0
9951;0
9952;0
9953;0
9954;1
9955;0
9956;0
9957;0
9958;1
9959;0
9960;0
9961;0
9962;0
9963;1
9964;0
9965;4
9966;0
9967;0
9968;0
9969;0
9970;0
9971;1
9972;0
9973;1
9974;0
9975;4
9976;2
9977;0
9978;1
9979;1
9980;0
9981;1
9982;1
9983;0
9984;0
9985;0
9986;0
9987;0
9988;1
9989;0
9990;1
9991;2
9992;0
9993;0
9994;0
9995;0
9996;0
9997;1
9998;0
9999;0
